name	id	firstAuthor	title	subtitle	normalizedGenre	yearNormalized	size	libretto	averageClustering	density	averagePathLength	maxDegreeIds	averageDegree	diameter	yearPremiered	yearPrinted	maxDegree	numOfSpeakers	numOfSpeakersFemale	numOfSpeakersMale	numOfSpeakersUnknown	numPersonGroups	numConnectedComponents	yearWritten	numOfSegments	wikipediaLinkCount	numOfActs	wordCountText	wordCountSp	wordCountStage	numOfP	numOfL
anzengruber-das-vierte-gebot	ger000129	Anzengruber	Das vierte Gebot	Volksstück in vier Akten		1877	32	false	0.773499196	0.290322581	1.852822581	martin	9	4	1877	1878	24	32	8	23	1		1		40	1	4	19774	18773	4092	780	0
anzengruber-der-gwissenswurm	ger000120	Anzengruber	Der Gwissenswurm	Bauernkomödie mit Gesang in drei Akten	Comedy	1874	15	false	0.785218855	0.4	1.46835443	dusterer	5.6	2	1874	1874	12	15	5	9	1		2		34	1	3	17114	16392	2269	640	124
anzengruber-der-meineidbauer	ger000054	Anzengruber	Der Meineidbauer	Volksstück mit Gesang in drei Akten		1871	22	false	0.833970323	0.25974026	2.038961039	vroni	5.454545455	4	1871	1871	14	22	10	12	0		1		26	1	3	24560	23650	2756	556	73
anzengruber-der-pfarrer-von-kirchfeld	ger000337	Anzengruber	Der Pfarrer von Kirchfeld	Volksstück mit Gesang in vier Akten		1870	22	false	0.778463456	0.402597403	1.748917749	schulmeister	8.454545455	3	1870	1871	18	22	3	14	5		1	1869	26	1	4	22589	21372	2473	626	68
anzengruber-die-kreuzelschreiber	ger000304	Anzengruber	Die Kreuzelschreiber	Bauernkomödie mit Gesang in drei Akten	Comedy	1872	23	false	0.843880946	0.577075099	1.5256917	steinklopferhanns	12.69565217	3	1872	1872	20	23	5	14	4		1		23	1	3	18896	17820	3831	651	237
anzengruber-heimgfunden	ger000039	Anzengruber	Heimg'funden	Wiener Weihnachtskomödie in drei Akten	Comedy	1885	30	false	0.842957995	0.310344828	2.034482759	thomas	9	3	1885	1885	17	30	9	17	4		1	1884/1885	36	0	3	26742	25733	4313	869	34
arnim-das-loch	ger000407	Arnim	Das Loch oder Das wiedergefundene Paradies	Ein Schattenspiel		1811	22	false	0.850413802	0.359307359	1.753246753	esel	7.545454545	3	1811	1813	18	22	1	6	15		1	1811	17	1	2	6781	5934	246	1	811
arnim-halle	ger000301	Arnim	Halle	Ein Studentenspiel in drei Aufzügen		1811	81	false	0.881061108	0.145679012	2.022530864	cardenio	11.65432099	4		1811	61	81	14	57	10		1		49	1	3	47644	46628	2565	1179	906
arnim-jerusalem	ger000195	Arnim	Jerusalem	Ein Pilgerabenteuer		1811	72	false	0.894968598	0.208528951	1.850700525	sidney	14.80555556	3		1811	52	72	15	50	7		2		13	1	0	29244	28803	1725	784	866
arnim-marino-caboga	ger000270	Arnim	Marino Caboga	Dramatische Erzählung in drei Handlungen		1826	22	false	0.805738938	0.601731602	1.272251309	several characters	12.63636364	2		1826	19	22	2	15	5		2		4	0	3	15415	15265	716	331	191
bauernfeld-buergerlich-und-romantisch	ger000027	Bauernfeld	Bürgerlich und Romantisch	Lustspiel in vier Akten	Comedy	1835	13	false	0.742918193	0.525641026	1.538461538	sittig|baron	6.307692308	3	1835	1837	10	13	5	8	0		1	1835	51	0	4	18089	17502	1016	1156	9
bauernfeld-grossjaehrig	ger000134	Bauernfeld	Großjährig	Lustspiel in zwei Aufzügen	Comedy	1846	7	false	0.923809524	0.80952381	1.19047619	spitz|hermann	4.857142857	2	1846	1846	6	7	2	5	0		1		25	0	2	13163	12861	1317	874	0
bauernfeld-industrie-und-herz	ger000185	Bauernfeld	Industrie und Herz	Lustspiel in vier Aufzügen	Comedy	1842	12	false	0.815277778	0.378787879	1.772727273	hermine	4.166666667	3	1842	1847	9	12	1	11	0		1		38	0	4	14813	14347	1221	771	0
benedix-das-bemooste-haupt	ger000499	Benedix	Das bemooste Haupt oder Der lange Israël	Schauspiel in vier Aufzügen		1839	15	false	0.868555149	0.542857143	1.457142857	strobel	7.6	2	1839	1840	14	15	3	12	0		1	1838	46	0	9	17501	16958	1525	857	20
benedix-die-hochzeitsreise	ger000035	Benedix	Die Hochzeitsreise	Lustspiel in zwei Aufzügen	Comedy	1850	5	false	0.866666667	0.8	1.2	edmund|hahnensporn	3.2	2	1850	1853	4	5	2	3	0		1	1849	10	0	2	11130	10989	1557	510	0
benedix-die-luegnerin	ger000354	Benedix	Die Lügnerin	Lustspiel in einem Aufzuge	Comedy	1849	8	false	0.94047619	0.821428571	1.178571429	moritz|constanze	5.75	2	1849	1851	7	8	3	5	0		1	1848	8	0	0	6464	6302	708	360	0
benedix-doctor-wespe	ger000502	Benedix	Doctor Wespe	Lustspiel in fünf Aufzügen	Comedy	1842	12	false	0.815145503	0.666666667	1.348484848	theudelinde|thekla	7.333333333	3	1842	1844	10	12	5	7	0		1	1841	51	0	9	23310	22847	1656	1326	25
birch-pfeiffer-die-walpurgisnacht	ger000151	Birch-Pfeiffer	Die Walpurgisnacht	Dramatisches Volksmärchen in vier Acten		1830	26	false	0.802079061	0.2	2.055384615	else	5	4	1830	1866	19	26	9	13	4		1	1827	42	0	4	17810	16944	3251	459	120
birch-pfeiffer-in-der-heimath	ger000268	Birch-Pfeiffer	In der Heimath	Original-Schauspiel in fünf Acten		1865	18	false	0.829038862	0.529411765	1.522875817	rose	9	3	1865	1865	15	18	8	10	0		1		39	0	5	25238	24493	4202	861	0
birch-pfeiffer-johannes-gutenberg	ger000411	Birch-Pfeiffer	Johannes Gutenberg	Original-Schauspiel in drei Abtheilungen		1835	14	false	0.644614512	0.406593407	1.67032967	guttenberg	5.285714286	3	1835	1836	10	14	5	9	0		1	1834	33	0	5	19071	18578	2981	359	34
birch-pfeiffer-pfeffer-roesel	ger000247	Birch-Pfeiffer	Pfeffer-Rösel oder Die Frankfurter Messe im Jahre 1297	Schauspiel in fünf Aufzügen		1829	40	false	0.833797521	0.414102564	1.714102564	bandini|roesel	16.15	4	1829	1833	32	40	6	31	3		1		37	0	5	19919	18380	4849	446	18
birch-pfeiffer-vatersorgen	ger000092	Birch-Pfeiffer	Vatersorgen	Komisches Zeitgemälde in drei Akten	Comedy	1849	13	false	0.863469863	0.551282051	1.448717949	krabbe|baron	6.615384615	2	1850	1849	12	13	4	9	0		1	1849	45	0	3	20527	20131	3473	738	0
eichendorff-das-incognito	ger000335	Eichendorff	Das Incognito oder Die mehreren Könige oder Alt und Neu	Ein Puppenspiel		1843	57	false	0.9334537	0.322055138	1.880325815	koenig	18.03508772	3		1901	41	57	3	49	5		1	1840/1843	7	0	0	6119	5970	794	0	783
eichendorff-der-letzte-held-von-marienburg	ger000255	Eichendorff	Der letzte Held von Marienburg	Trauerspiel	Tragedy	1830	55	false	0.82610517	0.262626263	1.854545455	heinrich_von_plauen	14.18181818	3	1831	1830	41	55	6	49	0		1		18	0	5	24596	24026	2330	73	2863
eichendorff-die-freier	ger000118	Eichendorff	Die Freier	Lustspiel in drei Aufzügen	Comedy	1833	11	false	0.838383838	0.763636364	1.254545455	several characters	7.636363636	3	1849	1833	9	11	3	8	0		1		10	0	3	15820	15525	1630	479	493
ertler-anna-iwanowna	ger000420	Ertler	Anna Iwanowna	Ein Schauspiel in drei Akten und einem Vorspiel als Oper vertont von Konrad Steckl		1920	23	false	0.92634848	0.826086957	1.173913043	several characters	18.17391304	2	1920	1920	22	23	2	20	1		1	1918/1919	4	0	3	24745	22937	6523	1113	23
ertler-belian-und-marpalye	ger000367	Ertler	Belian und Marpalye	Ein Traumspiel		1924	25	false	0.841394971	0.393333333	1.65	der_fremde	9.44	3	1924	1924	21	25	4	20	1		1	1922/1923	26	0	9	15615	12684	3953	525	0
ertler-das-spiel-von-doktor-faust	ger000052	Ertler	Das Spiel von Doktor Faust	Ein deutsches Stück im Volkston in einem Vorspiel und drei Akten		1923	22	false	0.663269054	0.199134199	1.921052632	hanswurst	4.181818182	3	1923	1923	12	22	3	16	3		3	1922	51	0	3	15320	13892	1318	0	2026
fouque-aslauga	ger000471	Fouqué	Aslauga	Ein Heldenspiel in drei Abentheuren		1810	65	false	0.895729378	0.219711538	1.883585565	kriegsleute	14.06153846	3		1810	35	65	9	51	5		3		19	0	3	16506	15731	723	4	2152
fouque-sigurd-der-schlangentoedter	ger000212	Fouqué	Sigurd. der Schlangentödter	Ein Heldenspiel in sechs Abentheuren		1808	26	false	0.827739707	0.307692308	1.738461538	sigurd	7.692307692	3		1808	23	26	10	13	3		1		17	0	6	28926	26924	1137	0	3822
fouque-sigurds-rache	ger000470	Fouqué	Sigurds Rache	Ein Heldenspiel in sechs Abentheuren		1810	50	false	0.879783562	0.364081633	1.655510204	gudruna	17.84	3		1810	44	50	8	41	1		1		11	0	6	22288	21664	1008	0	3042
freytag-der-gelehrte	ger000508	Freytag	Der Gelehrte	Trauerspiel in einem Act	Tragedy	1848	8	false	0.845833333	0.5	1.5	walter	3.5	2		1848	7	8	1	6	1		1	1844	16	0	0	7075	6805	382	0	979
freytag-die-journalisten	ger000365	Freytag	Die Journalisten	Lustspiel in vier Akten	Comedy	1852	24	false	0.877101654	0.739130435	1.260869565	bolz|bellmaus	17	2	1852	1854	23	24	5	19	0		1		7	1	4	27820	27425	2476	1065	13
freytag-graf-waldemar	ger000233	Freytag	Graf Waldemar	Schauspiel in fünf Akten		1848	19	false	0.837085412	0.555555556	1.444444444	waldemar	10	2	1848	1850	18	19	5	14	0		1	1847	7	0	5	22794	22520	1528	785	0
goethe-clavigo	ger000157	Goethe	Clavigo	Ein Trauerspiel	Tragedy	1774	10	false	0.905952381	0.844444444	1.155555556	clavigo|carlos|beaumarchais	7.6	2	1774	1774	9	10	2	8	0		1		5	6	5	14028	13930	800	442	0
goethe-das-jahrmarktsfest-zu-plundersweilern	ger000536	Goethe	Das Jahrmarktsfest zu Plundersweilern	Ein Schönbartspiel	Comedy	1778	29	false	1	1	1	several characters	28	1	1778	1789	28	29	7	22	0		1	1773/1778	1	0	0	4540	4446	244	0	641
goethe-der-buergergeneral	ger000106	Goethe	Der Bürgergeneral	Ein Lustspiel in einem Aufzuge	Comedy	1793	7	false	0.923809524	0.904761905	1.095238095	several characters	5.428571429	2	1793	1793	6	7	1	6	0		1	1793	14	3	0	8298	8150	773	924	0
goethe-der-triumph-der-empfindsamkeit	ger000130	Goethe	Der Triumph der Empfindsamkeit	Eine dramatische Grille		1778	14	false	0.857297464	0.472527473	1.593406593	mandandane	6.142857143	3	1778	1787	11	14	8	5	1		1	1777	6	2	6	12013	11799	1413	406	509
goethe-des-epimenides-erwachen	ger000458	Goethe	Des Epimenides Erwachen	Ein Festspiel		1815	22	false	0.750603437	0.311688312	2.585714286	epimenides	6.545454545	6	1815	1815	11	22	2	9	11		2		25	1	2	6947	6642	1049	0	990
goethe-die-laune-des-verliebten	ger000224	Goethe	Die Laune des Verliebten	Ein Schäferspiel in Versen und einem Akte		1768	4	false	0.833333333	0.833333333	1.166666667	egle|amine	2.5	2	1779	1806	3	4	2	2	0		1	1767/1768	9	3	0	5687	5586	434	0	662
goethe-die-mitschuldigen	ger000178	Goethe	Die Mitschuldigen	Ein Lustspiel in einem Akte	Comedy	1776	4	false	1	1	1	several characters	3	1	1776	1909	3	4	1	3	0		1	1768/1769	15	2	0	7503	7315	916	0	889
goethe-die-wette	ger000511	Goethe	Die Wette	Ein Lustspiel in einem Akt	Comedy	1812	6	false	1	1	1	several characters	5	1		1837	5	6	2	4	0		1	1812	5	0	0	3805	3563	267	128	0
goethe-erwin-und-elmire	ger000383	Goethe	Erwin und Elmire	Ein Schauspiel mit Gesang		1775	4	false	1	1	1	several characters	3	1	1775	1775	3	4	2	2	0		1	1774/1775	1	3	0	6434	6357	274	195	247
goethe-faust-in-urspruenglicher-gestalt	ger000539	Goethe	Faust [in ursprünglicher Gestalt]			1775	15	false	0.732592593	0.285714286	1.961904762	faust	4	3	1918	1887	10	15	3	9	3		1	1772/1775	20	0	0	12477	12313	756	146	1556
gotter-der-dorfjahrmarkt	ger000009	Gotter	Der Dorfjahrmarkt	Eine komische Oper in zwei Aufzügen		1775	18	true	0.806425365	0.62745098	1.39869281	lukas|fikfak	10.66666667	3	1775	1778	16	18	4	14	0		1		25	0	2	11547	11210	1474	623	226
gotter-die-geisterinsel	ger000061	Gotter	Die Geisterinsel	Ein Singspiel in drey Akten		1798	13	true	0.847052947	0.769230769	1.230769231	prospero|miranda	9.230769231	2	1798		12	13	1	10	2		1		28	0	3	13185	11699	2425	356	1079
gotter-medea	ger000246	Gotter	Medea			1775	5	true	0.7	0.7	1.3	medea	2.8	2	1775	1782	4	5	2	3	0		1		5	3	0	2222	2161	304	43	0
gottsched-atalanta	ger000252	Gottsched	Atalanta oder die bezwungene Sprödigkeit	Ein Schäferspiel. in fünf Aufzügen		1741	9	false	0.936507937	0.888888889	1.111111111	several characters	7.111111111	2		1741	8	9	3	6	0		1		37	0	5	15579	15082	405	0	1753
gottsched-der-sterbende-cato	ger000244	Gottsched	Der sterbende Cato	Ein Trauerspiel	Tragedy	1731	10	false	0.792142857	0.555555556	1.466666667	cato	5	3	1731	1732	8	10	2	8	0		1	1730	31	0	5	20073	14889	371	1	1712
gottschedin-das-testament	ger000220	Gottsched	Das Testament	Ein deutsches Lustspiel in fünf Aufzügen	Comedy	1745	12	false	0.828240741	0.636363636	1.393939394	fraeulein_amalie	7	3		1745	10	12	3	9	0		1		39	1	5	24529	24023	1682	1111	0
gottschedin-der-witzling	ger000395	Gottsched	Der Witzling	Ein deutsches Nachspiel in einem Aufzuge	Comedy	1745	7	false	0.733333333	0.666666667	1.333333333	jungfer_lottchen	4	2		1745	6	7	1	6	0		1		9	0	0	8830	8626	593	369	3
gottschedin-die-pietisterey-im-fischbein-rocke	ger000462	Gottsched	Die Pietisterey im Fischbein-Rocke oder Die Doctormäßige Frau		Comedy	1736	16	false	0.821924603	0.441666667	1.558333333	frau_glaubeleichtin	6.625	2		1736	15	16	8	8	0		1		40	1	5	24032	21891	460	1032	18
grabbe-die-hermannsschlacht	ger000516	Grabbe	Die Hermannsschlacht			1838	106	false	0.955508749	0.160287511	1.819297401	hermann	16.83018868	3	1936	1838	82	106	6	99	1		3	1835/1836	17	0	0	16349	15886	1757	776	3
grabbe-don-juan-und-faust	ger000209	Grabbe	Don Juan und Faust	Eine Tragödie in vier Akten	Tragedy	1829	21	false	0.950210084	0.638095238	1.39047619	faust	12.76190476	3	1829	1829	18	21	2	14	5		1	1829	11	2	4	23458	23218	1462	33	3395
grabbe-hannibal	ger000393	Grabbe	Hannibal			1835	118	false	0.923893499	0.090105751	2.189492754	hannibal	10.54237288	4	1918	1835	40	118	11	95	12		4	1834/1835	28	1	5	17658	17173	1888	927	0
grabbe-herzog-theodor-von-gothland	ger000158	Grabbe	Herzog Theodor von Gothland	Eine Tragödie in fünf Akten	Tragedy	1827	61	false	0.884296066	0.326229508	1.673770492	berdoa	19.57377049	2	1892	1827	57	61	2	59	0		1	1818/1822	17	1	5	43429	42944	5033	0	6988
grabbe-kaiser-friedrich-barbarossa	ger000517	Grabbe	Kaiser Friedrich Barbarossa	Eine Tragödie in fünf Akten	Tragedy	1829	82	false	0.862663829	0.281842818	1.814513701	kaiser_friedrich	22.82926829	3	1875	1829	71	82	3	72	7		1	1829	12	0	5	22949	22460	2094	57	3150
grabbe-kaiser-heinrich-der-sechste	ger000518	Grabbe	Kaiser Heinrich der Sechste	Eine Tragödie in fünf Akten	Tragedy	1830	80	false	0.834039041	0.156329114	2.385486019	koenig_heinrich_kaiser_heinrich	12.35	4	1875	1830	42	80	7	70	3		2	1829	15	0	5	31255	30563	2103	251	3828
grabbe-napoleon	ger000378	Grabbe	Napoleon oder Die hundert Tage	Ein Drama in fünf Aufzügen		1831	259	false	0.954010238	0.089012601	2.833991379	chassecoeur|vitry	22.96525097	6	1895	1831	106	259	23	199	37		4	1829/1831	25	1	5	38123	36630	3142	1851	124
grabbe-scherz-satire-ironie-und-tiefere-bedeutung	ger000380	Grabbe	Scherz. Satire. Ironie und tiefere Bedeutung	Ein Lustspiel in drei Aufzügen	Comedy	1827	27	false	0.86356893	0.501424501	1.507122507	schulmeister|mollfels	13.03703704	3	1876	1827	24	27	3	24	0		1	1822	14	1	3	17048	16719	1865	582	12
grillparzer-der-gastfreund	ger000513	Grillparzer	Der Gastfreund	Trauerspiel in einem Aufzuge	Tragedy	1821	12	false	1	1	1	several characters	11	1	1821	1822	11	12	5	7	0		1	1818	1	0	1	4280	4023	565	0	619
grillparzer-der-traum-ein-leben	ger000358	Grillparzer	Der Traum ein Leben	Dramatisches Märchen in vier Aufzügen		1834	17	false	0.895299145	0.632352941	1.367647059	zanga|guelnare|rustan	10.11764706	2	1834	1840	16	17	4	13	0		1	1817/1830	4	1	4	18707	18412	3436	0	2914
grillparzer-des-meeres-und-der-liebe-wellen	ger000010	Grillparzer	Des Meeres und der Liebe Wellen	Trauerspiel in fünf Aufzügen	Tragedy	1831	11	false	1	1	1	several characters	10	1	1831	1840	10	11	3	7	1		1	1826/1829	5	0	5	19626	19301	2718	0	2452
grillparzer-die-ahnfrau	ger000444	Grillparzer	Die Ahnfrau	Trauerspiel in fünf Aufzügen	Tragedy	1817	10	false	0.907142857	0.866666667	1.133333333	hauptmann|guenther|jaromir	7.8	2	1817	1817	9	10	2	7	1		1	1816	5	1	5	19045	18884	1430	0	3442
grillparzer-die-argonauten	ger000514	Grillparzer	Die Argonauten	Trauerspiel in vier Aufzügen	Tragedy	1821	17	false	0.866955757	0.566176471	1.433823529	medea	9.058823529	2	1821	1822	16	17	5	11	1		1	1818/1819	9	0	4	15827	15476	2566	0	2172
grillparzer-die-juedin-von-toledo	ger000170	Grillparzer	Die Jüdin von Toledo	Historisches Trauerspiel in fünf Aufzügen	Tragedy	1851	16	false	0.850237956	0.65	1.35	garceran|koenig	9.75	2	1872	1872	15	16	5	10	1		1	1839/1851	5	2	5	16965	16716	1956	0	2144
grillparzer-ein-bruderzwist-in-habsburg	ger000121	Grillparzer	Ein Bruderzwist in Habsburg	Trauerspiel in fünf Aufzügen	Tragedy	1848	44	false	0.84766576	0.278012685	1.83192389	klesel|leopold	11.95454545	3	1872	1872	30	44	1	41	2		1	1848	12	1	5	25676	25287	3271	0	3205
grillparzer-ein-treuer-diener-seines-herrn	ger000372	Grillparzer	Ein treuer Diener seines Herrn	Trauerspiel in fünf Aufzügen	Tragedy	1828	37	false	0.884741406	0.421921922	1.578078078	bancbanus|otto	15.18918919	2	1828	1830	36	37	6	29	2		1	1826/1827	5	1	5	20229	19954	3152	0	2475
grillparzer-koenig-ottokars-glueck-und-ende	ger000286	Grillparzer	König Ottokars Glück und Ende	Trauerspiel in fünf Aufzügen	Tragedy	1825	55	false	0.88736059	0.469360269	1.530639731	several characters	25.34545455	2	1825	1825	54	55	7	44	4		1	1823	5	5	5	27076	26730	3706	0	3424
grillparzer-libussa	ger000512	Grillparzer	Libussa	Trauerspiel in fünf Aufzügen	Tragedy	1848	32	false	0.915024984	0.570564516	1.429435484	libussa	17.6875	2	1874	1872	31	32	12	20	0		1	1825/1848	15	0	5	22259	21733	2451	0	2808
gryphius-absurda-comica-oder-herr-peter-squentz	ger000547	Gryphius	Absurda Comica oder Herr Peter Squentz	Schimpff-Spiel	Comedy	1658	14	false	0.935897436	0.846153846	1.153846154	several characters	11	2		1658	13	14	3	11	0		1	1648/1650	3	0	3	9535	9162	562	266	476
gryphius-cardenio-und-celinde	ger000538	Gryphius	Cardenio und Celinde oder Unglücklich Verliebete	Trauerspiel	Tragedy	1657	17	false	0.866304284	0.573529412	1.441176471	cardenio	9.176470588	3	1661	1657	15	17	3	11	3		1	1650	5	0	5	19774	17542	214	0	2069
gryphius-carolus-stuardus	ger000550	Gryphius	Carolus Stuardus	Trauerspiel	Tragedy	1650	55	false	0.672307692	0.112457912	2.575406032	carol	6.072727273	7	1650	1657	15	55	14	39	2		9	1649	32	0	5	32436	31010	234	9	2774
gryphius-catharina-von-georgien	ger000548	Gryphius	Catharina von Georgien oder Bewehrete Beständigkeit	Trauerspiel	Tragedy	1651	22	false	0.649186924	0.220779221	1.909090909	catharina	4.636363636	4	1651	1657	13	22	9	10	3		4	1647	30	0	5	26236	25032	265	0	2910
gryphius-horribilicribrifax-teutsch	ger000549	Gryphius	Horribilicribrifax Teutsch	Scherzspiel	Comedy	1650	21	false	0.515721844	0.257142857	2.057142857	coelestina	5.142857143	4	1674	1663	9	21	7	14	0		1	1647/1650	42	0	5	22749	20138	393	937	12
gryphius-leo-armenius-oder-fuersten-mord	ger000546	Gryphius	Leo Armenius oder Fürsten-Mord	Trauer-spiel	Tragedy	1650	37	false	0.873335245	0.255255255	2.045045045	michael	9.189189189	4	1651	1650	25	37	3	34	0		1	1646	23	0	5	25485	24133	222	5	2754
gryphius-papinianus	ger000551	Gryphius	Großmütiger Rechtsgelehrter oder Sterbender Aemilius Paulus Papinianus	Trauerspiel	Tragedy	1659	34	false	0.654640947	0.135472371	2.302941176	papinianus	4.470588235	4	1660	1659	11	34	9	23	2		4	1659	31	0	5	30217	29041	249	12	2933
gryphius-verlibtes-gespenste-die-gelibte-dornrose	ger000552	Gryphius	Verlibtes Gespenste / Die gelibte Dornrose	Gesang-Spil / Schertz-Spil	Comedy	1660	21	false	0.909108088	0.266666667	1.188405797	wilhelm	5.333333333	2	1660	1661	9	21	5	16	0		4	1660	29	0	8	19470	18797	539	361	1102
guenderode-magie-und-schicksal	ger000440	Günderode	Magie und Schicksal	Drama in drei Akten		1805	9	false	0.972222222	0.972222222	1.027777778	several characters	7.777777778	2		1805	8	9	3	6	0		1		3	0	3	8747	8678	360	0	1152
guenderode-nikator	ger000125	Günderode	Nikator	Eine dramatische Skizze in drei Akten		1805	7	false	0.923809524	0.904761905	1.095238095	several characters	5.428571429	2		1805	6	7	2	5	0		1		3	0	3	3936	3882	102	0	509
guenderode-udohla	ger000293	Günderode	Udohla	Drama in zwei Akten		1805	7	false	1	1	1	several characters	6	1		1805	6	7	2	5	0		1		2	0	2	5588	5534	177	0	742
gutzkow-das-urbild-des-tartueffe	ger000019	Gutzkow	Das Urbild des Tartüffe	Lustspiel in fünf Aufzügen	Comedy	1844	17	false	0.759163712	0.477941176	1.580882353	moliere	7.647058824	3	1844	1847	13	17	3	14	0		1		35	0	5	23948	22110	1632	984	7
gutzkow-richard-savage	ger000006	Gutzkow	Richard Savage oder Der Sohn einer Mutter	Trauerspiel in fünf Aufzügen	Tragedy	1839	28	false	0.787224284	0.301587302	1.915343915	savage	8.142857143	4	1839	1842	22	28	3	24	1		1	1839	30	0	5	20964	20002	1855	480	25
gutzkow-uriel-acosta	ger000042	Gutzkow	Uriel Acosta	Trauerspiel in fünf Aufzügen	Tragedy	1846	17	false	0.744087938	0.367647059	1.661764706	uriel	5.882352941	3	1846	1847	15	17	2	13	2		1	1846	28	0	5	17379	15869	1488	0	2193
gutzkow-zopf-und-schwert	ger000045	Gutzkow	Zopf und Schwert	Lustspiel in fünf Aufzügen	Comedy	1844	26	false	0.809261446	0.32	1.843076923	koenig	8	3	1844	1844	18	26	5	18	3		1	1843	34	0	5	22747	20892	2569	1004	0
hartleben-die-sittliche-forderung	ger000350	Hartleben	Die sittliche Forderung		Comedy	1896	3	false	1	1	1	friedrich|rita|berta	2	1	1896	1897	2	3	2	1	0		1		1	0	0	5423	5318	949	257	16
hartleben-hanna-jagert	ger000099	Hartleben	Hanna Jagert	Komödie	Comedy	1893	18	false	0.897860963	0.529411765	1.470588235	hanna	9	2	1893	1893	17	18	6	11	1		1		3	0	3	20487	20186	3798	768	0
hartleben-rosenmontag	ger000114	Hartleben	Rosenmontag	Eine Offiziers-Tragödie	Tragedy	1898	24	false	0.828382588	0.471014493	1.572463768	moritz	10.83333333	3	1900	1898	20	24	0	24	0		1	1899	31	0	5	25994	24770	6141	1132	14
hauptmann-carl-der-antiquar	ger000239	Hauptmann	Der Antiquar	Komödie in einem Akt	Comedy	1909	4	false	1	1	1	several characters	3	1	1910	1909	3	4	1	3	0		1		1	0	1	7918	7794	1825	226	0
hauptmann-carl-die-armseligen-besenbinder	ger000059	Hauptmann	Die armseligen Besenbinder	Altes Märchen in fünf Akten		1913	35	false	0.829966691	0.280672269	1.92605042	der_gendarm	9.542857143	4	1913	1913	27	35	11	22	2		1		35	0	5	18507	17257	4376	500	16
hauptmann-carl-ephraims-breite	ger000104	Hauptmann	Ephraims Breite	Schauspiel in fünf Akten		1900	27	false	0.817169354	0.547008547	1.481481481	huhndorf|bauer|kretschmer	14.22222222	3	1900	1900	22	27	12	13	2		1	1899	35	0	5	21725	21005	4276	846	0
hauptmann-carl-frau-nadja-bielew	ger000060	Hauptmann	Frau Nadja Bielew	Tragischer Akt	Tragedy	1909	4	false	1	1	1	several characters	3	1		1909	3	4	3	1	0		1		1	0	1	6713	6586	1599	193	0
hauptmann-carl-gaukler-tod-und-juwelier	ger000406	Hauptmann	Gaukler. Tod und Juwelier	Spiel in fünf Akten		1917	30	false	0.747207692	0.429885057	1.744827586	mander	12.46666667	4	1920	1917	22	30	17	13	0		1		54	0	5	17631	16576	3868	431	25
hauptmann-carl-im-goldenen-tempel-buche-verzeichnet	ger000288	Hauptmann	Im goldenen Tempel-Buche verzeichnet	(Nach einer japanischen Skizze) / Dichtung in drei Vorgängen / (Hinter Schleiern zu spielen)		1909	9	false	0.858730159	0.694444444	1.305555556	hotoke|giwau	5.555555556	2	1910	1909	8	9	6	3	0		1		3	0	3	5547	5184	1451	0	604
hauptmann-carl-musik	ger000448	Hauptmann	Musik	Spiel in vier Akten		1918	34	false	0.973296908	0.459893048	1.232142857	der_domorganist	15.17647059	2		1918	24	34	5	13	16		2		32	0	4	10120	9553	2540	292	20
hauptmann-carl-tobias-buntschuh	ger000385	Hauptmann	Tobias Buntschuh	Eine burleske Tragödie in fünf Akten	Tragedy	1916	24	false	0.680838143	0.224637681	1.904761905	clown_odebrecht	5.166666667	3		1916	15	24	4	19	0		3		62	0	5	19248	17808	4235	497	27
hauptmann-die-ratten	ger000477	Hauptmann	Die Ratten	Berliner Tragikomödie	Tragicomedy	1911	18	false	0.887380049	0.764705882	1.235294118	several characters	13	2	1911	1911	17	18	8	10	0		1	1910	5	5	5	32222	29755	5227	967	40
hauptmann-florian-geyer	ger000504	Hauptmann	Florian Geyer	Die Tragödie des Bauernkrieges	Tragedy	1896	91	false	0.901037761	0.311111111	1.78021978	florian_geyer	28	3	1896	1896	79	91	4	87	0		1	1894/1895	6	0	5	38387	35862	4467	1497	62
hebbel-agnes-bernauer	ger000043	Hebbel	Agnes Bernauer	Ein deutsches Trauerspiel in fünf Aufzügen	Tragedy	1852	31	false	0.85154969	0.348387097	1.696774194	albrecht	10.4516129	3	1852	1855	25	31	3	27	1		1		63	1	5	25845	25299	2062	909	3
hebbel-demetrius	ger000253	Hebbel	Demetrius			1864	28	false	0.728008009	0.272486772	1.899470899	demetrius	7.357142857	3	1869	1864	19	28	6	19	3		1	1863	78	0	5	27254	26806	1224	0	3951
hebbel-der-diamant	ger000179	Hebbel	Der Diamant	Eine Komödie in fünf Akten	Comedy	1847	23	false	0.915458937	0.292490119	1.330275229	jacob|der_prinz	6.434782609	3	1848	1847	12	23	9	14	0		3	1841	29	0	5	23647	22838	1251	585	459
hebbel-der-gehoernte-siegfried	ger000016	Hebbel	Der gehörnte Siegfried	Vorspiel in einem Akt		1861	9	false	0.718518519	0.555555556	1.090909091	several characters	4.444444444	2	1861	1862	6	9	2	7	0		2		4	0	0	5117	5032	98	0	694
hebbel-der-rubin	ger000325	Hebbel	Der Rubin	Ein Märchen-Lustspiel in drei Akten	Comedy	1849	17	false	0.74751523	0.5	1.551470588	assad	8	3	1849	1851	14	17	1	15	1		1	1849	23	0	3	12351	12011	1265	0	1732
hebbel-genoveva	ger000327	Hebbel	Genoveva	Eine Tragödie in fünf Akten	Tragedy	1843	19	false	0.842534925	0.438596491	1.561403509	golo	7.894736842	2	1849	1843	17	19	3	15	1		1		44	0	5	33896	33087	2804	0	4511
hebbel-gyges-und-sein-ring	ger000238	Hebbel	Gyges und sein Ring	Eine Tragödie in fünf Akten	Tragedy	1856	9	false	0.972222222	0.972222222	1.027777778	several characters	7.777777778	2	1889	1856	8	9	3	5	1		1		5	0	5	16211	16073	512	0	2290
hebbel-herodes-und-mariamne	ger000101	Hebbel	Herodes und Mariamne	Eine Tragödie in fünf Akten	Tragedy	1849	27	false	0.842187454	0.296296296	1.917378917	herodes|titus	7.703703704	4	1849	1850	18	27	3	23	1		1		35	0	5	26986	26689	1028	0	3804
hebbel-judith	ger000324	Hebbel	Judith	Eine Tragödie in fünf Akten	Tragedy	1840	59	false	0.954137292	0.369959088	1.630040912	achior	21.45762712	2	1840	1841	53	59	7	50	2		1		7	2	5	22494	21841	1252	613	0
hebbel-kriemhilds-rache	ger000160	Hebbel	Kriemhilds Rache	Ein Trauerspiel in fünf Akten	Tragedy	1861	21	false	0.770038559	0.533333333	1.495238095	hagen	10.66666667	3	1861	1862	18	21	4	17	0		1		72	0	5	23439	22796	1496	0	3271
hofmannsthal-alkestis	ger000115	Hofmannsthal	Alkestis	Ein Trauerspiel nach Euripides	Tragedy	1894	33	false	1	0.829545455	1	several characters	26.54545455	1	1916	1909	29	33	8	17	7		2	1893/1894	2	0	1	7547	7506	743	0	975
hofmannsthal-arabella	ger000210	Hofmannsthal	Arabella	Lyrische Komödie in drei Aufzügen	Comedy	1928	18	false	0.896672772	0.777777778	1.222222222	several characters	13.22222222	2	1933	1928	17	18	5	12	1		1		3	17	3	13921	13574	3370	0	1364
hofmannsthal-ariadne-auf-naxos	ger000267	Hofmannsthal	Ariadne auf Naxos	Oper in einem Aufzuge nebst einem Vorspiel / Neue Bearbeitung		1912	17	true	0.927941176	0.639705882	1.360294118	zerbinetta|der_tenor_bacchus|primadonna_ariadne	10.23529412	2	1916	1912	16	17	5	12	0		1		2	21	1	7914	7737	1802	177	546
hofmannsthal-das-bergwerk-zu-falun	ger000161	Hofmannsthal	Das Bergwerk zu Falun			1899	27	false	0.920832076	0.461538462	1.538461538	elis	12	2	1949	1933	26	27	13	13	1		1	1899	5	1	5	21735	21105	3998	0	2474
hofmannsthal-das-salzburger-grosse-welttheater	ger000265	Hofmannsthal	Das Salzburger große Welttheater			1922	16	false	1	1	1	several characters	15	1	1922	1929	15	16	1	7	8		1		1	0	1	14215	14042	3223	134	1064
hofmannsthal-der-abenteurer-und-die-saengerin	ger000102	Hofmannsthal	Der Abenteurer und die Sängerin oder Die Geschenke des Lebens	In einem Aufzug (mit einer Verwandlung)		1899	16	false	0.941666667	0.883333333	1.116666667	several characters	13.25	2	1899	1899	15	16	5	11	0		1	1898	2	0	0	18039	17740	3423	85	1922
hofmannsthal-der-rosenkavalier	ger000109	Hofmannsthal	Der Rosenkavalier	Komödie für Musik		1911	32	true	0.914634394	0.556451613	1.443548387	several characters	17.25	2	1911	1911	31	32	6	20	6		1	1909/1910	3	30	3	20724	19753	7619	0	1785
hofmannsthal-der-schwierige	ger000364	Hofmannsthal	Der Schwierige	Lustspiel in drei Akten	Comedy	1920	18	false	0.740489757	0.392156863	1.68627451	crescence|hans_karl	6.666666667	3	1921	1920	13	18	7	11	0		1	1917	48	2	3	29644	29167	2513	1280	0
hofmannsthal-der-tod-des-tizian	ger000127	Hofmannsthal	Der Tod des Tizian	Ein dramatisches Fragment		1901	9	false	0.888888889	0.777777778	1	several characters	6.222222222	1	1901	1901	7	9	1	8	0		2	1892	2	2	1	3042	2727	745	0	324
hofmannsthal-der-tor-und-der-tod	ger000079	Hofmannsthal	Der Tor und der Tod			1894	6	false	1	1	1	several characters	5	1	1898	1894	5	6	2	3	1		1	1893	1	2	1	4185	4060	495	0	554
holz-ignorabimus	ger000390	Holz	Ignorabimus	Tragödie	Tragedy	1914	7	false	1	1	1	several characters	6	1	1927	1914	6	7	1	4	2		1		5	0	5	105637	104108	48851	3857	0
holz-jerschke-traumulus	ger000399	Holz	Traumulus	Tragische Komödie	Tragicomedy	1904	27	false	0.840389879	0.43019943	1.689458689	zedlitz	11.18518519	3	1904	1904	20	27	3	24	0		1		5	0	5	20356	19782	3259	923	29
holz-schlaf-die-familie-selicke	ger000223	Holz	Die Familie Selicke	Drama in drei Aufzügen		1890	8	false	1	1	1	several characters	7	1	1890	1890	7	8	3	5	0		1		3	1	3	18971	18524	5511	801	2
holz-sonnenfinsternis	ger000174	Holz	Sonnenfinsternis	Tragödie	Tragedy	1908	6	false	0.933333333	0.933333333	1.066666667	several characters	4.666666667	2	1913	1908	5	6	1	5	0		1		5	0	5	56770	55594	25800	2101	0
holz-sozialaristokraten	ger000051	Holz	Sozialaristokraten	Komödie	Comedy	1896	16	false	0.881417888	0.733333333	1.266666667	several characters	11	2	1897	1896	15	16	4	12	0		1		5	1	5	23309	22665	5009	877	10
iffland-das-erbtheil-des-vaters	ger000015	Iffland	Das Erbtheil des Vaters	Ein Schauspiel in vier Aufzügen		1802	15	false	0.85972546	0.685714286	1.342857143	dominique_sohn|delomer	9.6	3		1802	13	15	2	11	2		1		50	0	4	24567	24009	2194	1559	0
iffland-der-spieler	ger000303	Iffland	Der Spieler	Ein Schauspiel in fünf Aufzügen		1796	20	false	0.811745713	0.478947368	1.531578947	herr_von_wallenfeld	9.1	3	1796	1796	17	20	1	19	0		1		66	0	5	24724	24069	2572	1506	0
iffland-die-jaeger	ger000156	Iffland	Die Jäger	Ein ländliches Sittengemälde in fünf Aufzügen		1785	18	false	0.825525092	0.464052288	1.673202614	anton	7.888888889	3	1785	1785	12	18	5	12	1		1		70	0	5	27421	26574	2076	1562	19
iffland-figaro-in-deutschland	ger000434	Iffland	Figaro in Deutschland	Ein Lustspiel in fünf Aufzügen	Comedy	1790	17	false	0.85148479	0.669117647	1.330882353	baronesse|hyazinth|figaro	10.70588235	2		1790	15	17	2	14	1		1		95	0	5	31210	29625	3234	2024	0
iffland-verbrechen-aus-ehrsucht	ger000235	Iffland	Verbrechen aus Ehrsucht	Ein Familiengemälde in fünf Aufzügen		1784	16	false	0.69598908	0.408333333	1.641666667	ruhberg_der_sohn	6.125	3	1784	1784	13	16	4	12	0		1		56	0	5	21711	21217	1735	1182	0
immermann-andreas-hofer	ger000312	Immermann	Andreas Hofer. der Sandwirt von Passeier	Ein Trauerspiel	Tragedy	1835	39	false	0.794485547	0.13900135	2.251184834	andreas_hofer	5.282051282	4	1835	1865	23	39	4	30	5		2	1826/1833	33	0	5	18121	17709	1026	220	1956
immermann-das-gericht-von-st-petersburg	ger000465	Immermann	Das Gericht von St. Petersburg	Tragödie	Tragedy	1832	39	false	0.786269236	0.234817814	2.171390013	peter	8.923076923	5	1835	1832	26	39	4	35	0		1		33	0	5	20320	19752	1607	157	2456
immermann-die-bojaren	ger000463	Immermann	Die Bojaren	Schauspiel		1832	59	false	0.827389458	0.185271771	2.414962011	glebof	10.74576271	5	1835	1832	32	59	3	54	2		1		35	0	5	17926	17407	1547	50	2481
immermann-eudoxia	ger000167	Immermann	Eudoxia	Ein Epilog		1832	12	false	0.924242424	0.621212121	1.378787879	gordon|peter	6.833333333	2	1835	1832	11	12	2	8	2		1		2	0	0	7052	7015	246	0	913
immermann-merlin	ger000004	Immermann	Merlin	Eine Mythe		1832	28	false	0.752026941	0.261904762	2.267195767	artus	7.071428571	4		1832	14	28	4	22	2		1	1831/1832	19	0	0	22864	21686	885	7	3265
kaiser-die-koralle	ger000545	Kaiser	Die Koralle	Schauspiel in fünf Akten		1917	18	false	0.843382562	0.464052288	1.535947712	milliardaer	7.888888889	2	1917	1917	17	18	4	14	0		1		5	0	5	15503	14710	2362	882	0
kaiser-die-schule-des-armen	ger000093	Kaiser	Die Schule des Armen oder Zwei Millionen	Original-Charakterbild mit Gesang in vier Akten		1847	33	false	0.88428564	0.255681818	1.787878788	christoph	8.181818182	3	1847	1848	30	33	4	28	1		1		41	0	4	21939	21189	2766	828	162
kaiser-stadt-und-land	ger000021	Kaiser	Stadt und Land oder Der Viehhändler aus Oberösterreich	Posse mit Gesang in drei Aufzügen	Comedy	1844	15	false	0.893847634	0.695238095	1.304761905	sebastian	9.733333333	2	1844	1845	14	15	4	11	0		1		38	0	3	16976	16365	2259	842	110
kleist-amphitryon	ger000437	Kleist	Amphitryon	Ein Lustspiel nach Molière	Comedy	1807	15	false	0.918392718	0.752380952	1.247619048	amphitryon|sosias	10.53333333	2	1899	1807	14	15	2	12	1		1	1803	22	1	3	18226	18050	363	0	2598
kleist-das-kaethchen-von-heilbronn	ger000208	Kleist	Das Käthchen von Heilbronn oder die Feuerprobe	Ein großes historisches Ritterschauspiel		1810	61	false	0.833714561	0.168306011	2.010734463	der_graf_vom_strahl	10.09836066	3	1810	1810	46	61	8	43	10		2	1807/1808	53	5	5	26015	24965	2703	447	1600
kleist-der-zerbrochene-krug	ger000363	Kleist	Der zerbrochne Krug	Ein Lustspiel	Comedy	1808	13	false	0.838311688	0.641025641	1.358974359	licht|adam|walter	7.692307692	2	1808	1811	11	13	5	7	1		1	1803/1806	13	12	0	16601	16417	381	0	2395
kleist-die-familie-schroffenstein	ger000049	Kleist	Die Familie Schroffenstein	Ein Trauerspiel in fünf Aufzügen	Tragedy	1803	29	false	0.86626177	0.428571429	1.600985222	eustache	12	3	1804	1803	24	29	7	21	1		1	1802	13	2	5	23425	23027	1593	0	3513
kleist-die-hermannsschlacht	ger000078	Kleist	Die Hermannsschlacht	Ein Drama		1808	84	false	0.81020646	0.109868044	2.583476764	hermann	9.119047619	4	1860	1821	44	84	7	70	7		1	1808	53	3	5	22130	21182	2201	0	2872
kleist-penthesilea	ger000152	Kleist	Penthesilea	Ein Lustspiel nach Molière	Comedy	1808	84	false	0.893170644	0.140275387	2.28313253	prothoe	11.64285714	5	1876	1808	55	84	61	22	1		1	1806/1807	24	4	0	24821	24478	1736	0	3491
kleist-prinz-friedrich-von-homburg	ger000362	Kleist	Prinz Friedrich von Homburg	Ein Schauspiel		1810	43	false	0.836574004	0.222591362	1.858237548	der_prinz_von_homburg	9.348837209	3	1821	1821	31	43	6	35	2		2	1809/1810	36	5	5	18573	17631	2920	0	2118
klinger-das-leidende-weib	ger000497	Klinger	Das leidende Weib	Ein Trauerspiel	Tragedy	1775	27	false	0.693126421	0.256410256	2.162393162	franz	6.666666667	4		1775	13	27	9	16	2		1		33	0	5	16076	15789	444	732	8
klinger-die-neue-arria	ger000103	Klinger	Die neue Arria	Ein Schauspiel		1776	19	false	0.792785285	0.350877193	1.783625731	julio|solina	6.315789474	3		1776	13	19	6	13	0		1	1775	17	0	5	23726	23512	744	811	48
klinger-die-zwillinge	ger000190	Klinger	Die Zwillinge	Ein Trauerspiel in fünf Aufzügen	Tragedy	1776	8	false	0.875	0.75	1.25	grimaldi	5.25	2	1776	1776	7	8	2	5	1		1		21	2	5	17733	17498	462	637	16
klinger-prinz-seiden-wurm-der-reformator	ger000498	Klinger	Prinz Seiden-Wurm der Reformator oder die Kron-Kompetenten	Ein moralisches Drama aus dem fünften Theil des Orpheus		1780	34	false	0.880546397	0.420677362	1.91087344	prinz_seiden-wurm|minister_bim	13.88235294	4		1780	22	34	4	26	4		1	1779	34	0	5	14127	13614	900	393	91
klinger-simsone-grisaldo	ger000443	Klinger	Simsone Grisaldo	Ein Schauspiel in fünf Akten		1776	20	false	0.823506795	0.494736842	1.542105263	grisaldo	9.4	3		1776	18	20	4	16	0		1		16	0	5	26778	26499	1049	917	10
klinger-sturm-und-drang	ger000053	Klinger	Sturm und Drang	Ein Schauspiel		1777	13	false	0.781413031	0.641025641	1.397435897	wild	7.692307692	3	1777	1777	11	13	5	8	0		1	1776	37	4	5	17747	17417	923	782	0
kotzebue-der-freimaurer	ger000487	Kotzebue	Der Freimaurer	Lustspiel in Einem Act	Comedy	1817	4	false	0.833333333	0.833333333	1.166666667	karoline|graf	2.5	2	1817	1818	3	4	1	3	0		1		10	0	0	4531	4463	73	0	572
kotzebue-der-hyperboreische-esel	ger000188	Kotzebue	Der Hyperboreische Esel. oder Die heutige Bildung	Ein drastisches Drama und philosophisches Lustspiel für Jünglinge / In einem Aufzuge	Comedy	1799	6	false	1	1	1	several characters	5	1	1799	1799	5	6	2	4	0		1		12	0	0	7212	5612	242	321	0
kotzebue-der-schutzgeist	ger000485	Kotzebue	Der Schutzgeist	Eine dramatische Legende in sechs Akten nebst einem Vorspiel		1814	28	false	0.655380334	0.142857143	2.502645503	adelheid	3.857142857	5	1814	1814	16	28	5	21	2		1		52	0	7	24976	24124	1776	0	3404
kotzebue-der-wirrwarr	ger000494	Kotzebue	Der Wirrwarr. oder der Muthwillige	Eine Posse in fünf Akten	Comedy	1801	10	false	0.792063492	0.622222222	1.377777778	fritz	5.6	2	1801	1803	9	10	4	6	0		1		50	0	5	18601	18022	1608	1343	0
kotzebue-die-beiden-klingsberg	ger000281	Kotzebue	Die beiden Klingsberg	Ein Lustspiel in vier Akten	Comedy	1801	13	false	0.73993229	0.461538462	1.564102564	graf	5.538461538	3		1801	11	13	6	7	0		1		54	0	4	20117	19587	1520	1280	4
kotzebue-die-deutschen-kleinstaedter	ger000225	Kotzebue	Die deutschen Kleinstädter	Ein Lustspiel in vier Akten	Comedy	1802	13	false	0.863736264	0.666666667	1.333333333	frau_staar	8	2	1802	1803	12	13	5	7	1		1		53	1	4	18025	17479	1058	1160	21
kotzebue-die-indianer-in-england	ger000057	Kotzebue	Die Indianer in England	Lustspiel in drei Aufzügen	Comedy	1789	14	false	0.915007215	0.747252747	1.263736264	liddy|kaberdar|samuel	9.714285714	3	1789	1790	12	14	3	11	0		1	1788	43	0	3	23188	22649	1891	1153	0
kotzebue-die-spanier-in-peru	ger000490	Kotzebue	Die Spanier in Peru. oder: Rollas Tod	Ein romantisches Trauerspiel in fünf Aufzügen	Tragedy	1794	49	false	0.870750073	0.18792517	2.264455782	rolla	9.020408163	4	1794	1796	24	49	12	35	2		1		49	0	5	22312	21045	1869	1530	20
kotzebue-graf-benjowsky	ger000488	Kotzebue	Graf Benjowsky. oder: die Verschwörung auf Kamtschatka	Ein Schauspiel in fünf Aufzügen		1794	32	false	0.824090997	0.360887097	1.683467742	benjowsky	11.1875	3	1794	1795	29	32	2	30	0		1		34	0	5	24844	24195	2922	1834	20
kotzebue-maedchenfreundschaft	ger000486	Kotzebue	Mädchenfreundschaft. oder der türkische Gesandte	Ein Lustspiel in einem Akt	Comedy	1805	8	false	0.928571429	0.892857143	1.107142857	several characters	6.25	2	1805	1805	7	8	5	3	0		1		14	0	0	4412	4151	485	270	0
laube-die-karlsschueler	ger000453	Laube	Die Karlsschüler			1846	14	false	0.935697636	0.912087912	1.087912088	several characters	11.85714286	2	1846	1846	13	14	3	11	0		1	1846	29	0	5	43266	30823	4805	1483	54
laube-gottsched-und-gellert	ger000063	Laube	Gottsched und Gellert	Charakterlustspiel in fünf Akten	Comedy	1845	14	false	0.97985348	0.978021978	1.021978022	several characters	12.71428571	2	1845	1846	13	14	4	10	0		1	1845	33	0	5	41579	33086	6518	1522	4
laube-monaldeschi	ger000254	Laube	Monaldeschi	Tragödie in fünf Akten	Tragedy	1841	12	false	0.831764069	0.621212121	1.378787879	brahe	6.833333333	2	1841	1845	11	12	2	10	0		1		68	0	5	42112	27715	3460	723	1169
laube-struensee	ger000389	Laube	Struensee	Tragödie in fünf Akten	Tragedy	1844	8	false	1	1	1	several characters	7	1	1844	1846	7	8	2	6	0		1		44	0	5	31564	22516	4561	994	0
lautensack-die-pfarrhauskomoedie	ger000024	Lautensack	Die Pfarrhauskomödie	Carmen Sacerdotale / Drei Szenen	Comedy	1911	4	false	1	1	1	several characters	3	1	1920	1911	3	4	2	2	0		1		3	0	0	10949	10030	3865	617	0
lautensack-hahnenkampf	ger000432	Lautensack	Hahnenkampf	Eine Komödie in sechs Szenen	Comedy	1908	17	false	0.886034064	0.683823529	1.316176471	apotheker	10.94117647	2		1908	16	17	5	11	1		1		6	0	0	11588	11198	2837	465	14
lautensack-medusa	ger000263	Lautensack	Medusa	Aus den Papieren eines Mönches		1904	7	false	1	1	1	several characters	6	1		1904	6	7	4	3	0		1		1	0	0	5410	4828	1030	242	0
leisewitz-der-besuch-um-mitternacht	ger000447	Leisewitz	Der Besuch um Mitternacht			1774	3	false	1	1	1	der_fuerst|der_geist|der_kammerherr	2	1		1774	2	3	0	2	1		1		1	0	0	455	441	36	13	0
leisewitz-die-pfandung	ger000260	Leisewitz	Die Pfandung			1774	2	false	0	1	1	die_frau|der_mann	1	1		1774	1	2	1	1	0		1		1	0	0	408	394	23	18	0
leisewitz-julius-von-tarent	ger000050	Leisewitz	Julius von Tarent	Ein Trauerspiel	Tragedy	1776	16	false	0.560763889	0.25	2.066666667	julius	3.75	4	1776	1776	9	16	5	11	0		1		36	4	5	17213	16885	860	508	0
lenz-der-englaender	ger000423	Lenz	Der Engländer	Eine dramatische Phantasei		1776	11	false	0.90981241	0.636363636	1.363636364	robert	6.363636364	2		1776	10	11	2	9	0		1	1775/1776	6	1	5	6077	5847	932	155	14
lenz-der-hofmeister	ger000338	Lenz	Der Hofmeister oder Vorteile der Privaterziehung	Eine Komödie	Comedy	1774	24	false	0.76370227	0.224637681	1.96713615	geheimer_rat	5.166666667	4	1778	1774	14	24	9	15	0		2	1771/1772	35	2	5	25385	24798	1682	656	0
lenz-der-neue-menoza	ger000400	Lenz	Der neue Menoza oder Geschichte des cumbanischen Prinzen Tandi	Eine Komödie	Comedy	1774	23	false	0.738812878	0.335968379	1.920948617	graf	7.391304348	4	1963	1774	13	23	5	16	2		1	1773	36	1	5	18731	18143	1415	702	1
lenz-die-freunde-machen-den-philosophen	ger000155	Lenz	Die Freunde machen den Philosophen	Eine Komödie	Comedy	1775	17	false	0.894934641	0.463235294	1.536764706	strephon	7.411764706	2		1775	16	17	2	15	0		1	1775/1776	20	0	5	12483	12092	1503	341	8
lenz-die-soldaten	ger000374	Lenz	Die Soldaten	Ein Schauspiel		1776	37	false	0.788903925	0.294294294	1.907936508	mary	10.59459459	4	1863	1776	28	37	10	27	0		2	1774/1775	36	2	5	16135	15495	2549	557	16
lessing-der-freigeist	ger000379	Lessing	Der Freigeist	Ein Lustspiel in fünf Aufzügen	Comedy	1755	11	false	0.824458874	0.527272727	1.509090909	adrast|theophan	5.272727273	3		1755	9	11	4	7	0		1	1749	35	0	5	21716	21477	476	893	0
lessing-der-junge-gelehrte	ger000272	Lessing	Der junge Gelehrte	Ein Lustspiel in drei Aufzügen	Comedy	1748	6	false	1	1	1	several characters	5	1	1748	1754	5	6	2	4	0		1		42	2	3	26400	26134	570	1048	20
lessing-der-misogyn	ger000391	Lessing	Der Misogyn	Ein Lustspiel in drei Aufzügen	Comedy	1755	7	false	0.923809524	0.904761905	1.095238095	several characters	5.428571429	2		1755	6	7	3	4	0		1	1748	23	0	3	13189	13005	347	477	0
lessing-der-schatz	ger000249	Lessing	Der Schatz	Ein Lustspiel in einem Aufzuge	Comedy	1755	8	false	0.595833333	0.5	1.571428571	anselmo	3.5	3		1755	6	8	0	8	0		1	1750	18	0	0	12417	12288	274	612	0
lessing-die-alte-jungfer	ger000401	Lessing	Die alte Jungfer	Ein Lustspiel in drei Aufzügen	Comedy	1749	11	false	0.843290043	0.690909091	1.309090909	lisette|jungfer_ohldin	6.909090909	2		1749	10	11	3	8	0		1	1748	23	0	3	10260	10012	303	476	9
lessing-emilia-galotti	ger000088	Lessing	Emilia Galotti	Ein Trauerspiel in fünf Aufzügen	Tragedy	1772	13	false	0.517460317	0.371794872	1.782051282	marinelli	4.461538462	3	1772	1772	9	13	3	10	0		1		43	15	5	21136	20809	1332	835	0
lessing-minna-von-barnhelm	ger000357	Lessing	Minna von Barnhelm oder das Soldatenglück	Ein Lustspiel in fünf Aufzügen	Comedy	1767	13	false	0.757031857	0.423076923	1.602564103	von_tellheim	5.076923077	3	1767	1767	11	13	3	10	0		1		56	10	5	26429	25916	1665	1136	0
lessing-miss-sara-sampson	ger000087	Lessing	Miß Sara Sampson	Ein Trauerspiel in fünf Aufzügen	Tragedy	1755	11	false	0.694805195	0.436363636	1.745454545	mellefont	4.363636364	4	1755	1755	7	11	5	6	0		1		44	3	5	26705	26353	808	690	0
lessing-nathan-der-weise	ger000369	Lessing	Nathan der Weise	Ein dramatisches Gedicht in fünf Aufzügen		1779	14	false	0.738095238	0.318681319	1.857142857	saladin	4.142857143	3	1783	1779	10	14	3	11	0		1		41	21	5	30460	29908	935	0	4740
lessing-philotas	ger000194	Lessing	Philotas	Ein Trauerspiel	Tragedy	1759	4	false	0.583333333	0.666666667	1.333333333	philotas	2	2	1774	1759	3	4	0	4	0		1		8	0	0	7122	7057	85	195	0
lortzing-der-waffenschmied	ger000147	Lortzing	Der Waffenschmied	Komische Oper in drei Aufzügen		1846	12	true	0.894973545	0.833333333	1.166666667	several characters	9.166666667	2	1846		11	12	2	8	2		1		38	5	3	13441	12872	1294	453	1127
lortzing-der-wildschuetz	ger000269	Lortzing	Der Wildschütz oder Die Stimme der Natur	Komische Oper in drei Aufzügen		1842	16	true	0.854229798	0.5	1.575	graf|baculus|baron	7.5	3	1842		12	16	7	7	2		1		45	7	3	18356	17670	1938	559	1548
lortzing-zar-und-zimmermann	ger000094	Lortzing	Zar und Zimmermann	Komische Oper in drei Aufzügen		1837	20	true	0.852194472	0.410526316	1.684210526	van_bett|iwanow|zar	7.8	3	1837	1891	15	20	5	11	4		1		37	10	3	16328	15596	1890	441	1274
mosenthal-das-goldene-kreuz	ger000454	Mosenthal	Das goldene Kreuz	Oper in zwei Aufzügen		1875	10	true	0.916666667	0.866666667	1.133333333	several characters	7.8	2	1875		9	10	4	5	1		1		14	3	2	9422	8958	1156	199	831
mosenthal-die-koenigin-von-saba	ger000036	Mosenthal	Die Königin von Saba	Oper in vier Aufzügen		1875	14	true	0.913023088	0.758241758	1.252747253	several characters	9.857142857	3	1875		12	14	4	8	2		1		22	8	4	7308	6242	2440	0	831
mosenthal-die-lustigen-weiber-von-windsor	ger000334	Mosenthal	Die lustigen Weiber von Windsor	Komisch-phantastische Oper in drei Aufzügen		1849	22	true	0.882860692	0.385281385	1.727272727	falstaff	8.090909091	3	1849		18	22	3	12	7		1		43	15	3	12183	11475	2303	204	1088
muellner-der-neun-und-zwanzigste-februar	ger000506	Müllner	Der neun und zwanzigste Februar	Trauerspiel in einem Akt	Tragedy	1812	4	false	1	1	1	several characters	3	1	1812	1815	3	4	1	3	0		1		9	0	0	8611	6047	788	6	1012
muellner-die-schuld	ger000360	Müllner	Die Schuld	Trauerspiel in vier Akten	Tragedy	1813	8	false	0.728571429	0.571428571	1.428571429	elvire	4	2	1813	1816	7	8	2	6	0		1		28	1	4	16373	15877	2279	0	2833
muellner-koenig-yngurd	ger000261	Müllner	König Yngurd	Trauerspiel in fünf Akten	Tragedy	1817	37	false	0.810167864	0.273273273	1.864864865	alf	9.837837838	3	1817	1817	27	37	3	28	6		1		47	0	5	30473	28174	3682	0	3598
nestroy-das-haus-der-temperamente	ger000341	Nestroy	Das Haus der Temperamente	Posse mit Gesang in zwei Akten	Comedy	1837	43	false	0.691222213	0.182724252	2.401219512	schlankel	7.674418605	5	1837	1891	23	43	16	24	3		3	1837	605	2	2	28851	26657	6975	1587	145
nestroy-das-maedl-aus-der-vorstadt	ger000200	Nestroy	Das Mädl aus der Vorstadt oder Ehrlich währt am längsten	Posse in drei Aufzügen	Comedy	1841	15	false	0.808888889	0.542857143	1.60952381	schnoferl	7.6	3	1841	1845	12	15	7	6	2		1	1841	60	2	3	20948	20308	2566	1110	182
nestroy-der-boese-geist-lumpazivagabundus	ger000062	Nestroy	Der böse Geist Lumpazivagabundus oder Das liederliche Kleeblatt	Zauberposse mit Gesang in drei Aufzügen	Comedy	1833	51	false	0.823479623	0.164705882	2.082352941	zwirn	8.235294118	4	1833	1835	39	51	13	29	9		1	1833	44	4	3	14521	13922	2040	765	214
nestroy-der-talisman	ger000083	Nestroy	Der Talisman	Posse mit Gesang in drei Aufzügen	Comedy	1843	30	false	0.813991172	0.232183908	2.21182266	flora|titus	6.733333333	5	1843	1843	17	30	7	16	7		2	1840	71	2	3	20658	19954	2862	880	301
nestroy-der-unbedeutende	ger000117	Nestroy	Der Unbedeutende	Posse mit Gesang in drei Akten	Comedy	1846	36	false	0.82238114	0.447619048	1.687301587	peter	15.66666667	4	1846	1849	29	36	10	24	2		1		69	3	3	19278	18215	3589	992	196
nestroy-der-zerrissene	ger000366	Nestroy	Der Zerrissene	Posse mit Gesang in drei Aufzügen	Comedy	1844	21	false	0.848651745	0.380952381	1.761904762	kathi	7.619047619	3	1844	1845	16	21	2	18	1		1	1844	48	2	3	17229	16546	3169	866	120
nestroy-einen-jux-will-er-sich-machen	ger000206	Nestroy	Einen Jux will er sich machen	Posse mit Gesang in vier Aufzügen	Comedy	1842	22	false	0.788375615	0.41991342	1.61038961	christoph	8.818181818	3	1842	1844	19	22	7	14	1		1	1842	63	3	4	21843	20868	4255	1215	112
nestroy-eulenspiegel	ger000305	Nestroy	Eulenspiegel oder Schabernack über Schabernack	Posse mit Gesang in vier Akten	Comedy	1835	19	false	0.754819157	0.473684211	1.573099415	mehlwurm|nelkenstein	8.526315789	3	1835	1839	14	19	5	13	1		1		81	2	4	16541	15683	3133	896	181
nestroy-freiheit-in-kraehwinkel	ger000131	Nestroy	Freiheit in Krähwinkel	Posse mit Gesang in zwei Abteilungen und drei Aufzügen	Comedy	1848	34	false	0.751016442	0.306595365	1.816399287	ultra	10.11764706	3	1848	1849	22	34	12	15	7		1	1848	66	3	3	14346	13424	2310	760	201
nestroy-judith-und-holofernes	ger000441	Nestroy	Judith und Holofernes	Travestie in einem Akt		1849	26	false	0.765707583	0.246153846	2.476666667	jojakim	6.153846154	4	1849	1891	13	26	3	20	3		2	1849	24	2	0	6696	6376	1004	273	196
neuber-das-schaeferfest	ger000122	Neuber	Das Schäferfest oder Die Herbstfreude	Ein deutsches Lustspiel in Versen	Comedy	1754	17	false	1	0.558823529	1	several characters	8.941176471	1		1754	11	17	5	7	5		2		57	0	5	21168	20498	757	0	2435
neuber-die-beschuetzte-schauspielkunst	ger000226	Neuber	Die von der Weisheit wider die Unwissenheit beschützte Schauspielkunst			1736	10	false	0.575238095	0.355555556	1.777777778	schauspielkunst	3.2	3		1736	7	10	0	0	10		1		13	0	1	6684	4771	106	0	569
neuber-die-verehrung-der-vollkommenheit	ger000230	Neuber	Die Verehrung der Vollkommenheit durch die gebesserten deutschen Schauspiele			1737	7	false	0.885714286	0.714285714	1.285714286	trauerspiel|regel	4.285714286	2		1737	6	7	0	0	7		1		4	0	1	6419	4807	452	4	566
neuber-ein-deutsches-vorspiel	ger000321	Neuber	Ein Deutsches Vorspiel			1734	14	false	0.803858047	0.549450549	1.450549451	alethea	7.142857143	2		1734	13	14	7	5	2		1		8	0	0	5715	5101	256	0	576
platen-berengar	ger000500	Platen	Berengar	Comödie in einem Akt	Comedy	1824	6	false	1	1	1	several characters	5	1		1824	5	6	2	4	0		1	1824	3	0	0	3870	3771	153	51	414
platen-der-romantische-oedipus	ger000143	Platen	Der romantische Ödipus	Ein Lustspiel in 5 Akten	Comedy	1829	22	false	0.904050495	0.458874459	1.273972603	tiresias|jokaste|zelinde	9.636363636	2	1855	1829	16	22	6	13	3		2	1827/1828	5	0	5	15105	14744	372	0	1807
platen-die-verhaengnisvolle-gabel	ger000074	Platen	Die verhängnisvolle Gabel	Ein Lustspiel in 5 Akten	Comedy	1826	7	false	0.923809524	0.904761905	1.095238095	several characters	5.428571429	2		1826	6	7	2	5	0		1	1826	5	0	5	13762	13672	242	0	1481
raimund-das-maedchen-aus-der-feenwelt	ger000298	Raimund	Das Mädchen aus der Feenwelt oder Der Bauer als Millionär	Romantisches Original-Zaubermärchen mit Gesang in drei Aufzügen		1826	41	false	0.793738525	0.174390244	2.169230769	wurzel	6.975609756	4	1826	1837	23	41	4	23	14		2	1826	33	1	3	18742	16905	3895	578	213
raimund-der-alpenkoenig-und-der-menschenfeind	ger000308	Raimund	Der Alpenkönig und der Menschenfeind	Romantisch-komisches Original-Zauberspiel in zwei Aufzügen		1828	38	false	0.843048177	0.219061166	2.098150782	rappelkopf	8.105263158	4	1828	1828	27	38	10	15	13		1	1828	36	1	2	21450	20538	2860	855	521
raimund-der-barometermacher-auf-der-zauberinsel	ger000116	Raimund	Der Barometermacher auf der Zauberinsel	Zauberposse mit Gesang und Tanz in zwei Aufzügen als Parodie des Märchens: Prinz Tutu	Comedy	1823	26	false	0.824171735	0.196923077	2.064615385	quecksilber	4.923076923	4	1823	1837	19	26	7	12	7		1	1823	42	1	2	13852	13192	1939	533	262
raimund-der-diamant-des-geisterkoenigs	ger000076	Raimund	Der Diamant des Geisterkönigs	Zauberspiel in zwei Aufzügen		1824	38	false	0.793646543	0.180654339	2.209191759	eduard	6.684210526	3	1824	1837	21	38	11	16	11		2	1824	48	1	2	16370	15302	2865	581	268
raimund-der-verschwender	ger000241	Raimund	Der Verschwender	Original-Zaubermärchen in drei Aufzügen		1834	43	false	0.736848768	0.182724252	2.086378738	flottwell	7.674418605	5	1834	1837	31	43	6	29	8		1	1834	45	3	3	22937	21769	3464	883	421
raimund-die-gefesselte-phantasie	ger000416	Raimund	Die gefesselte Phantasie	Original-Zauberspiel in zwei Aufzügen		1828	24	false	0.858152995	0.43115942	1.717391304	vipria	9.916666667	4	1828	1837	19	24	3	15	6		1	1826	27	1	2	14521	14014	1619	615	327
raimund-die-unheilbringende-zauberkrone	ger000184	Raimund	Die unheilbringende Zauberkrone oder König ohne Reich. Held ohne Mut. Schönheit ohne Jugend	Tragisch-komisches Original-Zauberspiel in zwei Aufzügen	Tragicomedy	1829	54	false	0.828330683	0.118798043	2.724668064	simplizius	6.296296296	6	1829	1837	29	54	12	35	7		1	1829	38	1	2	22850	21548	3831	661	945
raimund-moisasurs-zauberfluch	ger000427	Raimund	Moisasurs Zauberfluch	Original-Zauberspiel in zwei Aufzügen		1827	29	false	0.766099857	0.194581281	2.280788177	alzinde	5.448275862	4	1827	1837	17	29	4	18	7		1	1827	22	1	2	16243	15357	2553	459	319
scheerbart-das-mirakel	ger000370	Scheerbart	Das Mirakel	Eine dramatische Szene		1904	2	false	0	1	1	sie|er	1	1		1904	1	2	1	1	0		1		1	0	0	3115	3039	80	168	0
scheerbart-der-fanatische-buergermeister	ger000424	Scheerbart	Der fanatische Bürgermeister	Kosmisches Drama in vier Akten		1904	8	false	0.896428571	0.857142857	1.142857143	several characters	6	2		1904	7	8	1	5	2		1		4	0	4	4266	3856	1066	139	0
scheerbart-der-herr-vom-jenseits	ger000181	Scheerbart	Der Herr vom Jenseits	Eine Gartenkomödie	Comedy	1904	3	false	1	1	1	christine|arabella|ko-bo-so	2	1		1904	2	3	2	1	0		1		1	0	0	3128	2911	377	136	0
scheerbart-der-regierungswechsel	ger000410	Scheerbart	Der Regierungswechsel	Ein politisches Drama		1897	3	false	1	1	1	susanne|zibolko|napoleon	2	1		1897	2	3	1	2	0		1		1	0	0	1879	1667	627	62	2
scheerbart-die-lustigen-raeuber	ger000421	Scheerbart	Die lustigen Räuber	Ein Schauspiel in fünf Akten		1904	10	false	1	1	1	several characters	9	1		1904	9	10	2	8	0		1		5	0	5	2465	2225	762	121	4
scheerbart-die-wurzeln-der-wohlhabenheit	ger000097	Scheerbart	Die Wurzeln der Wohlhabenheit	Ein schildbürgerliches Schauspiel in fünf Akten		1904	15	false	0.901098901	0.571428571	1.428571429	wiedewitt|von_moellerkuchen|kaeseberg	8	2		1904	14	15	0	14	1		1		5	0	5	2472	2203	913	84	5
scheerbart-herr-kammerdiener-kneetschke	ger000153	Scheerbart	Herr Kammerdiener Kneetschke	Eine Kammerdiener-Tragödie in fünf Aufzügen	Tragedy	1904	10	false	0.855555556	0.688888889	1.311111111	kathi|kneetschke	6.2	2		1904	9	10	4	6	0		1		5	0	5	3084	2664	942	180	0
scheerbart-lachende-gespenster	ger000138	Scheerbart	Lachende Gespenster	Ein Schauspiel zwischen schwarzen Wänden in einem Aufzuge		1904	6	false	1	1	1	several characters	5	1		1904	5	6	2	1	3		1		1	0	0	1942	1815	362	109	0
scheerbart-okurirasuna	ger000112	Scheerbart	Okurirasûna	Grosse Weltkomödie in fünf Akten	Comedy	1904	10	false	1	1	1	several characters	9	1		1904	9	10	3	7	0		1		5	0	5	6287	5712	1961	198	0
scheerbart-ruebezahl	ger000231	Scheerbart	Rübezahl	Schauspiel in fünf Aufzügen		1904	18	false	0.817431642	0.326797386	1.830065359	ruebezahl	5.555555556	3		1904	14	18	4	14	0		1		67	0	5	14877	13566	3882	603	0
schiller-die-braut-von-messina	ger000067	Schiller	Die Braut von Messina oder Die feindlichen Brüder	Ein Trauerspiel mit Chören	Tragedy	1803	18	false	0.863249559	0.339869281	1.705882353	chor	5.777777778	3	1803	1803	16	18	2	16	0		1	1802/1803	29	8	4	23899	19989	1411	0	2888
schiller-die-jungfrau-von-orleans	ger000227	Schiller	Die Jungfrau von Orleans	Eine romantische Tragödie	Tragedy	1801	47	false	0.756246434	0.155411656	2.41813136	johanna	7.14893617	5	1801	1801	28	47	6	40	1		1	1800/1801	63	17	5	28828	27778	3075	0	3756
schiller-die-piccolomini	ger000086	Schiller	Die Piccolomini	In fünf Aufzügen		1799	28	false	0.877620792	0.253968254	2.067375887	terzky	6.857142857	4	1799	1800	15	28	3	25	0		2	1796/1798	31	1	5	21350	20723	1754	1	2834
schiller-die-raeuber	ger000008	Schiller	Die Räuber	Ein Schauspiel		1781	26	false	0.848139427	0.516923077	1.483076923	grimm|schwarz	12.92307692	2	1782	1781	25	26	1	24	1		1	1779/1780	15	24	5	40879	39320	2280	1084	136
schiller-die-verschwoerung-des-fiesco-zu-genua	ger000451	Schiller	Die Verschwörung des Fiesco zu Genua	Ein republikanisches Trauerspiel	Tragedy	1782	36	false	0.767351006	0.211111111	1.958730159	fiesco	7.388888889	4	1782	1783	28	36	5	28	3		1		75	9	5	30241	28851	3982	1251	0
schiller-don-carlos-infant-von-spanien	ger000217	Schiller	Don Carlos. Infant von Spanien	Ein dramatisches Gedicht		1787	26	false	0.680998831	0.344615385	1.8	koenig_philipp	8.615384615	3	1787	1787	20	26	6	20	0		1	1782/1787	69	19	5	44148	42704	6091	0	6550
schiller-kabale-und-liebe	ger000096	Schiller	Kabale und Liebe	Ein bürgerliches Trauerspiel in fünf Aufzügen	Tragedy	1784	17	false	0.73977591	0.301470588	2.058823529	lady	4.823529412	4	1784	1784	9	17	4	12	1		1	1782/1783	37	22	5	31029	29173	4073	922	0
schiller-maria-stuart	ger000311	Schiller	Maria Stuart	Ein Trauerspiel	Tragedy	1800	20	false	0.679329004	0.305263158	2.163157895	elisabeth	5.8	4	1800	1801	12	20	6	14	0		1	1799/1800	52	17	5	30635	29730	2219	0	4326
schiller-wallensteins-tod	ger000058	Schiller	Wallensteins Tod	Ein Trauerspiel in fünf Aufzügen	Tragedy	1799	33	false	0.684374907	0.234848485	2.064393939	graefin	7.515151515	4	1799	1800	20	33	4	28	1		1	1796/1799	63	1	5	31540	30810	2712	0	4256
schiller-wilhelm-tell	ger000452	Schiller	Wilhelm Tell	Schauspiel		1804	66	false	0.875526703	0.248951049	1.863869464	stauffacher	16.18181818	3	1804	1804	47	66	7	46	13		1	1802/1804	15	15	5	28076	27222	3046	0	3487
schlegel-alarcos	ger000164	Schlegel	Alarcos	Ein Trauerspiel in zwei Aufzügen	Tragedy	1802	11	false	0.817893218	0.618181818	1.436363636	alvaro	6.181818182	3	1802	1802	9	11	5	6	0		1	1801	7	0	2	10617	10484	231	0	1298
schlegel-canut	ger000417	Schlegel	Canut	Ein Trauerspiel	Tragedy	1746	7	false	0.738095238	0.619047619	1.380952381	estrithe	3.714285714	2		1746	6	7	2	5	0		1	1746	23	1	5	15491	13979	64	0	1571
schlegel-der-geschaeftige-muessiggaenger	ger000397	Schlegel	Der geschäftige Müßiggänger	Ein Lustspiel	Comedy	1743	15	false	0.805484515	0.419047619	1.580952381	frau_sylvesterinn	5.866666667	2		1743	14	15	5	10	0		1		44	0	5	23040	22710	151	1058	20
schlegel-der-triumph-der-guten-frauen	ger000342	Schlegel	Der Triumph der guten Frauen	Ein Lustspiel in fünf Aufzügen	Comedy	1748	7	false	0.842857143	0.714285714	1.285714286	cathrine	4.285714286	2		1748	6	7	4	3	0		1	1747	48	0	5	20991	20636	237	953	0
schlegel-die-stumme-schoenheit	ger000328	Schlegel	Die stumme Schönheit	Ein Lustspiel in einem Aufzuge	Comedy	1747	8	false	0.870833333	0.75	1.25	jungwitz	5.25	2		1747	7	8	4	4	0		1	1747	25	0	0	7679	7464	166	0	897
schlegel-jon	ger000234	Schlegel	Jon	Schauspiel in fünf Aufzügen		1802	6	false	0.75	0.6	1.1	kreusa|xuthus|pythia	3	2	1802	1803	4	6	2	4	0		2		23	0	5	17001	16835	277	0	2380
schnitzler-anatols-groessenwahn	ger000176	Schnitzler	Anatols Größenwahn			1891	6	false	1	1	1	several characters	5	1	1932	1955	5	6	2	4	0		1	1891	1	0	1	5092	4960	299	410	0
schnitzler-der-gruene-kakadu	ger000336	Schnitzler	Der grüne Kakadu	Groteske in einem Akt	Comedy	1899	24	false	1	1	1	several characters	23	1	1899	1899	23	24	5	17	2		1		1	2	1	11182	11015	1131	701	5
schnitzler-der-puppenspieler	ger000306	Schnitzler	Der Puppenspieler	Studie in einem Aufzug		1903	4	false	1	1	1	several characters	3	1	1903	1906	3	4	1	3	0		1		1	0	1	5225	5118	424	231	0
schnitzler-der-tapfere-cassian	ger000205	Schnitzler	Der tapfere Cassian	Puppenspiel in einem Akt		1904	4	false	1	1	1	several characters	3	1	1904	1906	3	4	1	3	0		1	1902	1	0	1	4671	4593	316	286	0
schnitzler-die-frau-mit-dem-dolche	ger000557	Schnitzler	Die Frau mit dem Dolche	Schauspiel in einem Akt		1902	3	false	1	1	1	pauline_paola|leonhard_lionardo|remigio	2	1	1902	1902	2	3	1	2	0		1	1901	3	0	1	4452	4150	705	133	296
schnitzler-die-letzten-masken	ger000558	Schnitzler	Die letzten Masken	Schauspiel in einem Akt		1902	6	false	1	1	1	several characters	5	1	1902	1902	5	6	1	5	0		1	1901	1	0	1	5368	5238	610	194	0
schnitzler-komtesse-mizzi	ger000150	Schnitzler	Komtesse Mizzi oder Der Familientag	Komödie in einem Akt	Comedy	1909	9	false	1	1	1	several characters	8	1	1909	1909	8	9	2	7	0		1	1907	1	1	1	10110	9953	741	545	0
schnitzler-liebelei	ger000080	Schnitzler	Liebelei	Schauspiel in drei Akten		1895	9	false	0.868783069	0.777777778	1.222222222	theodor|christine|mizi	6.222222222	2	1895	1896	8	9	4	5	0		1	1894	3	3	3	14999	14868	2341	961	0
schnitzler-literatur	ger000559	Schnitzler	Literatur	Lustspiel in einem Akt	Comedy	1902	3	false	1	1	1	margarete|gilbert|klemens	2	1	1902	1902	2	3	1	2	0		1	1901	1	0	1	7031	6944	308	405	0
schnitzler-zum-grossen-wurstel	ger000022	Schnitzler	Zum grossen Wurstel	Burleske in einem Akt	Comedy	1906	31	false	1	1	1	several characters	30	1	1906	1906	30	31	5	23	3		1	1902/1904	1	1	1	5465	5157	1272	147	374
sorge-der-bettler	ger000534	Sorge	Der Bettler	Eine dramatische Sendung		1912	57	false	0.990466064	0.815789474	1.184210526	das_maedchen|dichter_sohn_bruder_juengling	45.68421053	2	1917	1912	56	57	18	39	0		1		5	0	5	20845	19644	4457	505	713
sorge-der-sieg-des-christos	ger000149	Sorge	Der Sieg des Christos	Eine Vision dargestellt in dramatischen Bildern		1924	37	false	0.853372169	0.163663664	1.718543046	luther	5.891891892	3		1924	20	37	3	27	7		3	1914	18	0	0	20208	19255	3171	0	2451
sorge-odysseus	ger000418	Sorge	Odysseus	Dramatische Phantasie		1911	14	false	1	1	1	several characters	13	1		1925	13	14	1	13	0		1	1911	1	0	1	8384	7723	3682	213	82
stephanie-der-schauspieldirektor	ger000033	Stephanie	Der Schauspieldirektor	Ein Gelegenheitsstück in einem Aufzuge		1786	10	false	1	1	1	several characters	9	1	1786		9	10	5	5	0		1		10	21	0	7730	7631	471	336	83
stephanie-die-entfuehrung-aus-dem-serail	ger000381	Stephanie	Die Entführung aus dem Serail	Ein Singspiel in drey Aufzügen		1782	9	true	0.746031746	0.611111111	1.214285714	pedrillo	4.888888889	2	1782		7	9	2	7	0		2		28	35	3	9670	9308	1032	287	482
stephanie-die-liebe-im-narrenhause	ger000133	Stephanie	Die Liebe im Narrenhause	Eine komische Oper in zwey Aufzügen		1787	11	true	1	1	1	several characters	10	1	1787		10	11	4	7	0		1		41	0	2	14944	14417	2020	394	806
stephanie-doktor-und-apotheker	ger000344	Stephanie	Doktor und Apotheker	Komische Oper in zwei Aufzügen		1786	10	true	0.877777778	0.822222222	1.177777778	krautmann	7.4	2	1786		9	10	3	7	0		1		45	6	2	19328	18428	3929	421	1183
sudermann-der-bettler-von-syrakus	ger000461	Sudermann	Der Bettler von Syrakus	Tragödie in fünf Akten und einem Vorspiel	Tragedy	1911	66	false	0.81678357	0.179020979	2.177156177	der_blinde	11.63636364	5	1911	1911	43	66	11	52	3		1		50	0	5	24340	23086	3426	0	3276
sudermann-die-ehre	ger000107	Sudermann	Die Ehre	Schauspiel in vier Akten		1889	15	false	0.812275132	0.571428571	1.476190476	robert|muehlingk	8	3	1889	1889	12	15	6	9	0		1		52	1	4	24385	23645	3202	1350	0
sudermann-die-schmetterlingsschlacht	ger000521	Sudermann	Die Schmetterlingsschlacht	Komödie in vier Akten	Comedy	1894	10	false	0.861587302	0.755555556	1.244444444	rosi	6.8	2	1894	1895	9	10	4	6	0		1		58	0	4	19957	19149	2296	1271	0
sudermann-heimat	ger000100	Sudermann	Heimat	Schauspiel in vier Akten		1893	14	false	0.830890934	0.604395604	1.395604396	frau_schwartze	7.857142857	2	1893	1893	13	14	8	6	0		1		53	1	4	22128	21466	2526	1079	0
sudermann-stein-unter-steinen	ger000541	Sudermann	Stein unter Steinen	Schauspiel in vier Akten		1905	18	false	0.820086703	0.549019608	1.450980392	lore|zarncke	9.333333333	2	1905	1905	15	18	4	12	2		1		43	0	4	22102	20856	4194	1240	4
thoma-die-lokalbahn	ger000361	Thoma	Die Lokalbahn	Komödie in drei Akten	Comedy	1902	15	false	0.837053687	0.580952381	1.419047619	buergermeister	8.133333333	2	1902	1902	14	15	4	11	0		1		38	0	3	16381	15801	2557	1244	10
thoma-die-medaille	ger000037	Thoma	Die Medaille	Komödie in einem Akt	Comedy	1901	14	false	1	1	1	several characters	13	1	1901	1901	13	14	4	10	0		1		7	0	0	10364	10213	825	623	27
thoma-erster-klasse	ger000098	Thoma	Erster Klasse	Bauernschwank in einem Akt	Comedy	1910	10	false	0.95	0.933333333	1.066666667	several characters	8.4	2	1910	1910	9	10	2	8	0		1	1910	6	1	0	9917	9746	1863	679	0
thoma-lottchens-geburtstag	ger000207	Thoma	Lottchens Geburtstag	Lustspiel in einem Akt	Comedy	1911	6	false	0.9	0.8	1.2	frau_giselius|coelestine	4	2	1911	1911	5	6	4	2	0		1	1911	11	0	0	7449	7247	1096	515	0
thoma-magdalena	ger000073	Thoma	Magdalena	Ein Volksstück in drei Aufzügen		1912	13	false	0.671461871	0.358974359	1.705128205	thomas	4.307692308	3	1912	1912	11	13	3	9	1		1		28	1	3	18748	18095	3334	1149	0
thoma-moral	ger000056	Thoma	Moral	Komödie in drei Akten	Comedy	1908	17	false	0.860457516	0.433823529	1.764705882	beermann	6.941176471	3	1908	1909	13	17	7	10	0		1		25	0	3	19086	18383	2458	1170	3
tieck-der-gestiefelte-kater	ger000285	Tieck	Der gestiefelte Kater	Ein Kindermärchen in drei Akten. mit Zwischenspielen. einem Prologe und Epiloge		1797	48	false	0.869593695	0.445921986	1.607269504	fischer	20.95833333	3	1844	1797	43	48	2	36	10		1		19	1	3	19066	18681	1785	789	47
tieck-die-theegesellschaft	ger000496	Tieck	Die Theegesellschaft	Lustspiel in Einem Aufzuge	Comedy	1797	10	false	0.934920635	0.822222222	1.177777778	ahlfeld	7.4	2		1797	9	10	1	9	0		1	1796	18	0	0	9059	8794	554	567	0
tieck-die-verkehrte-welt	ger000313	Tieck	Die verkehrte Welt	Ein historisches Schauspiel in fünf Aufzügen		1800	74	false	0.84648015	0.291373565	1.697338746	scaevola	21.27027027	3		1800	56	74	14	51	9		4		21	0	5	23686	21524	1081	961	417
tieck-karl-von-berneck	ger000530	Tieck	Karl von Berneck	Trauerspiel in fünf Aufzügen	Tragedy	1797	19	false	0.820025296	0.602339181	1.397660819	conrad|karl	10.84210526	2		1797	18	19	3	15	1		1	1793/1795	19	0	5	23520	22848	1244	1026	47
tieck-leben-und-tod-der-heiligen-genoveva	ger000531	Tieck	Leben und Tod der heiligen Genoveva	Ein Trauerspiel	Tragedy	1800	68	false	0.840983226	0.159789289	2.079455663	siegfried	10.70588235	4	1807	1800	52	68	6	55	7		1	1799	61	0	0	46522	46138	1099	246	5676
tieck-prinz-zerbino	ger000259	Tieck	Prinz Zerbino oder die Reise nach dem guten Geschmack	Ein deutsches Lustspiel in sechs Akten	Comedy	1799	125	false	0.893232831	0.119354839	2.361032258	nestor	14.8	4		1799	70	125	10	81	34		1	1797	52	0	6	58031	57458	2017	2092	3148
tieck-ritter-blaubart	ger000274	Tieck	Ritter Blaubart	Ein Ammenmärchen in vier Akten		1797	25	false	0.825860684	0.416666667	1.686666667	klaus	10	3	1835	1797	20	25	4	20	1		1	1796	15	0	4	21134	20682	858	974	105
wagner-das-rheingold	ger000317	Wagner	Das Rheingold			1853	14	true	0.972527473	0.89010989	1.10989011	wotan|loge|alberich	11.57142857	2	1869	1853	13	14	6	8	0		1		4	31	0	10404	10082	2726	0	1876
wagner-der-fliegende-hollaender	ger000245	Wagner	Der fliegende Holländer			1843	9	true	1	1	1	several characters	8	1	1843		8	9	3	6	0		1		3	35	3	7017	6718	1635	0	828
wagner-die-kindermoerderin	ger000396	Wagner	Die Kindermörderin	Ein Trauerspiel	Tragedy	1776	14	false	0.854761905	0.549450549	1.450549451	magister|evchen	7.142857143	2	1777	1776	11	14	6	8	0		1		6	2	6	23297	23013	2159	726	10
wagner-die-meistersinger-von-nuernberg	ger000422	Wagner	Die Meistersinger von Nürnberg			1868	32	true	0.885820839	0.610887097	1.389112903	david|walther	18.9375	2	1868		31	32	3	26	3		1		14	31	3	23376	22099	5902	0	3031
wagner-die-reue-nach-der-that	ger000264	Wagner	Die Reue nach der That	Ein Schauspiel		1775	16	false	0.878712954	0.691666667	1.308333333	werner|wilhelm|langen	10.375	2	1775	1775	15	16	6	10	0		1		6	0	6	21415	21141	2210	814	4
wagner-die-walkuere	ger000349	Wagner	Die Walküre			1853	14	true	0.933233433	0.703296703	1.296703297	wotan|bruennhilde	9.142857143	2	1870	1853	13	14	11	3	0		1		11	32	3	12854	12120	3565	0	2296
wagner-goetterdaemmerung	ger000319	Wagner	Götterdämmerung			1853	15	true	0.820968661	0.4	1.638095238	siegfried	5.6	3	1876	1853	13	15	10	5	0		1		12	32	3	12856	12319	4169	0	2055
wagner-lohengrin	ger000175	Wagner	Lohengrin	Romantische Oper in drei Aufzügen		1850	25	true	0.758579492	0.496666667	1.417322835	ortrud|elsa	11.92	3	1850		20	25	6	18	1		2		11	36	3	11960	10925	3830	0	1227
wagner-parsifal	ger000413	Wagner	Parsifal	Ein Bühnenweihfestspiel		1877	23	true	0.963109354	0.612648221	1.387351779	kundry|parsifal	13.47826087	2	1882	1877	22	23	7	15	1		1		3	36	3	10676	10453	3528	0	1293
wagner-siegfried	ger000105	Wagner	Siegfried			1853	8	true	0.729166667	0.607142857	1.428571429	siegfried|wandrer	4.25	3	1876	1853	6	8	2	5	1		1		8	31	3	15041	14528	3593	0	2766
wedekind-der-kammersaenger	ger000003	Wedekind	Der Kammersänger			1899	7	false	0.504761905	0.428571429	1.571428571	gerardo	2.571428571	2	1899	1899	6	7	2	5	0		1	1897	10	0	0	10216	10044	1131	311	20
wedekind-der-marquis-von-keith	ger000425	Wedekind	Der Marquis von Keith	Schauspiel in fünf Aufzügen		1900	23	false	0.881032548	0.703557312	1.296442688	anna|von_keith|scholz	15.47826087	2	1901	1900	22	23	8	15	0		1		5	1	5	24502	23956	3179	996	0
wedekind-die-buechse-der-pandora	ger000436	Wedekind	Die Büchse der Pandora	Tragödie in drei Aufzügen mit einem Prolog	Tragedy	1902	23	false	0.935455565	0.490118577	1.299435028	several characters	10.7826087	2	1904	1902	18	23	6	17	0		2	1894/1902	4	4	3	20089	19327	3287	777	98
wedekind-die-zensur	ger000377	Wedekind	Die Zensur	Theodizee in einem Akt		1908	4	false	1	1	1	several characters	3	1	1909	1908	3	4	2	2	0		1	1907	3	0	0	8599	8500	698	203	40
wedekind-erdgeist	ger000140	Wedekind	Erdgeist	Tragödie in vier Aufzügen	Tragedy	1895	13	false	0.737584638	0.487179487	1.538461538	lulu	5.846153846	3	1898	1895	11	13	3	10	0		1	1895	34	5	4	20088	18603	4188	1375	0
wedekind-franziska	ger000323	Wedekind	Franziska	Ein modernes Mysterium in fünf Akten		1912	35	false	0.924552172	0.272268908	1.734453782	franziska	9.257142857	3	1912	1912	33	35	12	21	2		1	1911	21	1	5	23053	22496	2109	915	637
wedekind-fritz-schwigerling	ger000135	Wedekind	Fritz Schwigerling oder Der Liebestrank	Schwank in drei Aufzügen	Comedy	1899	10	false	0.83	0.622222222	1.4	fuerst|coelestin	5.6	3	1900	1899	8	10	3	7	0		1		41	0	3	15124	14548	2792	895	4
wedekind-fruehlings-erwachen	ger000040	Wedekind	Frühlings Erwachen	Eine Kindertragödie	Tragedy	1891	36	false	0.837170463	0.26984127	2.036507937	melchior	9.444444444	4	1906	1891	24	36	7	29	0		1	1890	19	12	3	18789	18464	800	776	0
wedekind-hidalla	ger000023	Wedekind	Hidalla oder Sein und Haben	Schauspiel in fünf Akten		1904	15	false	0.917082917	0.838095238	1.161904762	several characters	11.73333333	2	1905	1904	14	15	4	11	0		1	1903	5	0	5	19686	19295	2202	621	0
wedekind-koenig-nicolo	ger000191	Wedekind	König Nicolo oder So ist das Leben	Schauspiel in drei Aufzügen und neun Bildern mit einem Prolog		1902	30	false	0.876295522	0.305747126	1.694252874	koenig_nicolo	8.866666667	2	1902	1902	29	30	2	25	3		1	1901	10	0	3	19243	18499	2338	395	380
weissenthurn-das-manuscript	ger000340	Weißenthurn	Das Manuscript	Lustspiel in fünf Aufzügen	Comedy	1817	15	false	0.78015873	0.371428571	1.780952381	flint|walter	5.2	3		1817	10	15	6	9	0		1		34	0	5	20961	20587	2213	1280	0
weissenthurn-die-schwestern-st-janvier	ger000213	Weißenthurn	Die Schwestern St. Janvier	Schauspiel in fünf Aufzügen		1821	27	false	0.809615167	0.299145299	1.965811966	diakue	7.777777778	4		1821	17	27	7	18	2		1		39	0	5	16508	15889	1613	0	2075
weissenthurn-johann-herzog-von-finnland	ger000456	Weißenthurn	Johann. Herzog von Finnland	Schauspiel in fünf Aufzügen. nach der Geschichte. mit den nöthigen theatralischen Änderungen		1811	23	false	0.761153481	0.335968379	1.814229249	joeran	7.391304348	4	1811	1817	18	23	2	21	0		1		38	0	5	21636	21093	2372	933	0
weissenthurn-welche-ist-die-braut	ger000394	Weißenthurn	Welche ist die Braut!	Ein Lustspiel in fünf Aufzügen	Comedy	1813	21	false	0.921276873	0.738095238	1.266666667	bluemlein|waldberg|baroninn	14.76190476	3	1813	1817	19	21	12	8	1		1		31	0	5	23855	23402	1523	1390	112
wieland-alceste	ger000373	Wieland	Alceste	Ein Singspiel in fünf Aufzügen		1773	5	true	1	1	1	several characters	4	1	1773	1773	4	5	2	2	1		1		5	2	5	6156	6065	422	0	982
wieland-klementina-von-porretta	ger000148	Wieland	Klementina von Porretta	Ein Drama aus Richardsons Geschichte Sir Karl Grandisons gezogen		1760	11	false	0.83037518	0.781818182	1.218181818	pater_mareskotti|grandison	7.818181818	2		1760	10	11	4	7	0		1	1759	63	0	5	23994	23428	1385	374	0
wieland-lady-johanna-gray	ger000445	Wieland	Lady Johanna Gray oder Der Triumf der Religion	Ein Trauerspiel	Tragedy	1758	8	false	0.84702381	0.678571429	1.321428571	lady_suffolk|lady_johanna	4.75	2	1758	1758	7	8	3	5	0		1	1757/1758	30	0	5	14881	14660	225	0	2151
wildenbruch-die-haubenlerche	ger000240	Wildenbruch	Die Haubenlerche	Schauspiel in vier Akten		1890	7	false	1	1	1	several characters	6	1	1890	1891	6	7	3	4	0		1		33	0	4	29716	28812	6551	1826	11
wildenbruch-die-karolinger	ger000439	Wildenbruch	Die Karolinger	Trauerspiel in vier Akten	Tragedy	1881	33	false	0.817889156	0.401515152	1.939393939	bernhard	12.84848485	5	1881	1881	25	33	1	32	0		1		40	0	4	18246	16887	2175	0	2398
wildenbruch-die-quitzows	ger000172	Wildenbruch	Die Quitzows	Schauspiel in vier Akten		1888	62	false	0.766512481	0.197778953	2.01480698	perwenitz	12.06451613	4	1888	1888	41	62	7	50	5		1		72	0	7	30691	28730	5087	1134	1566
wildgans-armut	ger000187	Wildgans	Armut	Ein Trauerspiel in fünf Akten	Tragedy	1914	12	false	0.847751323	0.545454545	1.46969697	marie|mutter|gottfried	6	3	1915	1914	10	12	2	8	2		1		5	0	5	17292	16113	4448	646	384
wildgans-dies-irae	ger000428	Wildgans	Dies irae	Eine Tragödie in fünf Akten	Tragedy	1918	15	false	0.872022792	0.495238095	1.504761905	rabanser	6.933333333	2	1919	1918	13	15	6	8	1		1	1916/1918	5	0	5	24595	22772	7667	856	473
wildgans-in-ewigkeit-amen	ger000163	Wildgans	In Ewigkeit Amen	Ein gerichtliches Vorspiel in einem Akt		1913	8	false	1	1	1	several characters	7	1	1913	1913	7	8	1	7	0		1	1912	1	0	1	9223	8998	2160	322	0
