filename	xmlid	au_name	title	au-birth	au-death	au-ids	digitalSource	firsted-yr	title-ids	language	numwords	subgenre	narr-per	au-gender	sizeCat	reprintCount	time-slot
FRA00301_Aimard	FRA00301	Aimard, Gustave	Les Trappeurs de l'Arkansas	1818	1883	viaf:9841962 wikidata:Q472068	Bibliothèque électronique du Québec (BEQ)	1858	viaf:309322317 wikidata:Q19214045	fr	90276	NA	heterodiegetic	M	medium	low	T1
FRA00302_Aimard	FRA00302	Aimard, Gustave	Belle rivière	1818	1883	viaf:9841962 wikidata:Q472068	Bibliothèque électronique du Québec (BEQ)	1894	viaf:missing	fr	139314	NA	heterodiegetic	M	long	low	T2
FRA40302_Aimard	FRA40302	Aimard, Gustave		NA	NA	viaf:9841962	NA	1858	NA	fra	84338	NA	NA	U	medium	unspecified	T1
FRA40312_Aimard	FRA40312	Aimard, Gustave		NA	NA	viaf:9841962	NA	1858	NA	fra	89310	NA	NA	U	medium	unspecified	T1
FRA40314_Aimard	FRA40314	Aimard, Gustave		NA	NA	viaf:9841962	NA	1858	NA	fra	105642	NA	NA	U	long	unspecified	T1
FRA40313_Aimard	FRA40313	Aimard, Gustave		NA	NA	viaf:9841962	NA	1859	NA	fra	108859	NA	NA	U	long	unspecified	T1
FRA00502_Balzac	FRA00502	Balzac, Honoré de	Le cousin Pons	1799	1850	viaf:29529595 wikidata:Q9711	Éfélé	1851-1853	viaf:305992935 wikidata:Q2699195	fr	111052	NA	heterodiegetic	M	long	high	T1
FRA00501_Balzac	FRA00501	Balzac, Honoré de	Albert Savarus	1799	1850	viaf:29529595 wikidata:Q9711	Éfélé	1853	viaf:174178728 wikidata:Q2740921	fr	42274	NA	heterodiegetic	M	short	high	T1
FRA00503_Balzac	FRA00503	Balzac, Honoré de	Le curé de village	1799	1850	viaf:29529595 wikidata:Q9711	Éfélé	1854	viaf:177407570 wikidata:Q2718088	fr	93205	NA	heterodiegetic	M	medium	high	T1
FRA40561_Balzac	FRA40561	Balzac, Honoré de	La fausse maîtresse    	NA	NA	viaf:29529595	NA	1842	NA	fra	18687	NA	NA	U	short	unspecified	T1
FRA40562_Balzac	FRA40562	Balzac, Honoré de	Albert Savarus    	NA	NA	viaf:29529595	NA	1842	NA	fra	40691	NA	NA	U	short	unspecified	T1
FRA40565_Balzac	FRA40565	Balzac, Honoré de	Un début dans la vie    	NA	NA	viaf:29529595	NA	1842	NA	fra	57737	NA	NA	U	medium	unspecified	T1
FRA00601_Boisgobey	FRA00601	Boisgobey, Fortuné du	Le crime de l'omnibus	1821	1891	viaf:19720225 wikidata:Q969321	Ebooks libres et gratuits	1881	viaf:1765151656351208400006 wikidata:missing	fr	93658	crime fiction	heterodiegetic	M	medium	low	T3
FRA00602_Boisgobey	FRA00602	Boisgobey, Fortuné du	Rubis sur l'ongle	1821	1891	viaf:19720225 wikidata:Q969321	(unspecified)	1886	viaf:missing wikidata:missing	fr	104131	NA	heterodiegetic	M	long	low	T3
FRA40106_Boisgobey	FRA40106	Boisgobey, Fortuné du	La Bande rouge    	NA	NA	viaf:19720225	NA	1886	NA	fra	227858	NA	NA	U	long	unspecified	T3
FRA41002_Boisgobey	FRA41002	Boisgobey, Fortuné du	L'oeil-de-chat    	NA	NA	viaf:19720225	NA	1888	NA	fra	159240	NA	NA	U	long	unspecified	T3
FRA00603_Boisgobey	FRA00603	Boisgobey, Fortuné du	Double-blanc    	1821	1891	viaf:19720225	NA	1889	viaf:unavailable	fra	125052	NA	NA	M	long	low	T3
FRA07501_Darien	FRA07501	Darien, Georges	Le Voleur	1862	1921	viaf:59052457 wikidata:Q1508877	CLiGS	1897	viaf:210980756 wikidata:Q3228211	fr	145111	NA	homodiegetic	M	long	high	T3
FRA40719_Darien	FRA40719	Darien, Georges		NA	NA	viaf:59052457	NA	1890	NA	fra	71623	NA	NA	U	medium	unspecified	T3
FRA40720_Darien	FRA40720	Darien, Georges		NA	NA	viaf:59052457	NA	1897	NA	fra	132421	NA	NA	U	long	unspecified	T3
FRA00901_Daudet	FRA00901	Daudet, Alphonse	Le petit chose	1840	1897	viaf:4928621 wikidata:Q228546	Ebooks libres et gratuits	1867	viaf:184784857 wikidata:Q1057575	fr	87744	NA	autodiegetic	M	medium	high	T2
FRA40020_Daudet	FRA40020	Daudet, Alphonse	Le petit chose    	NA	NA	viaf:4928621	NA	1867	NA	fra	86121	NA	NA	U	medium	unspecified	T2
FRA40023_Daudet	FRA40023	Daudet, Alphonse	Les aventures prodigieuses de Tartarin de Tarascon    	NA	NA	viaf:4928621	NA	1872	NA	fra	28045	NA	NA	U	short	unspecified	T2
FRA40018_Daudet	FRA40018	Daudet, Alphonse	Le Nabab    	NA	NA	viaf:4928621	NA	1877	NA	fra	140061	NA	NA	U	long	unspecified	T2
FRA00903_Daudet	FRA00903	Daudet, Alphonse	Numa Roumestan : Mœurs Parisiennes    	1840	1897	viaf:4928621	Ebooks libres et gratuits     	1881	viaf:287900644	fr	85708	NA	heterodiegetic     	M	medium	low	T3
FRA40019_Daudet	FRA40019	Daudet, Alphonse	Numa Roumestan    	NA	NA	viaf:4928621	NA	1881	NA	fra	82839	NA	NA	U	medium	unspecified	T3
FRA40344_Dombre	FRA40344	Dombre, Roger		NA	NA	viaf:37053113	NA	1889	NA	fra	23255	NA	NA	U	short	unspecified	T3
FRA01103_Dombre	FRA01103	Dombre, Roger	La Nounou    	1859	1914	viaf:37053113	NA	1890	oclc:457907781 viaf:unavailable	fra	40970	NA	NA	F	short	low	T3
FRA40343_Dombre	FRA40343	Dombre, Roger		NA	NA	viaf:37053113	NA	1890	NA	fra	46649	NA	NA	U	short	unspecified	T3
FRA40345_Dombre	FRA40345	Dombre, Roger		NA	NA	viaf:37053113	NA	1890	NA	fra	38180	NA	NA	U	short	unspecified	T3
FRA01102_Dombre	FRA01102	Dombre, Roger	Folla	1859	1914	viaf:37053113 wikidata:Q42529454	Bibliothèque électronique du Québec (BEQ)	1889	oclc:465119441 viaf:unavailable wikidata:missing	fr	24998	NA	heterodiegetic	F	short	low	T3
FRA01101_Dombre	FRA01101	Dombre, Roger	Une pupille gênante	1859	1914	viaf:37053113 wikidata:Q42529454	Bibliothèque électronique du Québec (BEQ)	1890	oclc:457908349 viaf:unavailable wikidata:missing	fr	50336	NA	heterodiegetic	F	medium	low	T3
FRA40740_Dumas	FRA40740	Dumas, Alexandre	Le château d'Eppstein    	NA	NA	viaf:51688902	NA	1843	NA	fra	72319	NA	NA	U	medium	unspecified	T1
FRA40008_Dumas	FRA40008	Dumas, Alexandre	Les mariages du père Olifus    	NA	NA	viaf:51688902	NA	1849	NA	fra	61684	NA	NA	U	medium	unspecified	T1
FRA40724_Dumas	FRA40724	Dumas, Alexandre	Les mille et un fantômes    	NA	NA	viaf:51688902	NA	1849	NA	fra	53147	NA	NA	U	medium	unspecified	T1
FRA40007_Dumas	FRA40007	Dumas, Alexandre	La femme au collier de velours    	NA	NA	viaf:51688902	NA	1850	NA	fra	59772	NA	NA	U	medium	unspecified	T1
FRA40731_Dumas	FRA40731	Dumas, Alexandre	Le meneur de loups    	NA	NA	viaf:51688902	NA	1857	NA	fra	80297	NA	NA	U	medium	unspecified	T1
FRA04102_Erckmann	FRA04102	Erckmann, Émile	Madame Thérèse, ou les volontaires de 92	1822	1899	viaf:31995972 wikidata:Q3246593	Bibliothèque électronique du Québec (BEQ)	1863	viaf:209896303 wikidata:missing	fr	61525	NA	autodiegetic	M	medium	high	T2
FRA40036_Erckmann	FRA40036	Erckmann, Émile	L'invasion ou le fou Yégof    	NA	NA	viaf:31995972	NA	1862	NA	fra	71190	NA	NA	U	medium	unspecified	T2
FRA40037_Erckmann	FRA40037	Erckmann, Émile	Madame Thérèse, ou les volontaires de 92    	NA	NA	viaf:31995972	NA	1863	NA	fra	60488	NA	NA	U	medium	unspecified	T2
FRA40025_Erckmann	FRA40025	Erckmann, Émile	L'ami Fritz    	NA	NA	viaf:31995972	NA	1864	NA	fra	66868	NA	NA	U	medium	unspecified	T2
FRA40030_Erckmann	FRA40030	Erckmann, Émile	Histoire d'un circonscrit de 1813    	NA	NA	viaf:31995972	NA	1864	NA	fra	66181	NA	NA	U	medium	unspecified	T2
FRA04101_Erckmann	FRA04101	Erckmann, Émile	Waterloo    	1822	1899	viaf:31995972	NA	1865	viaf:182215847	fra	81303	NA	NA	M	medium	high	T2
FRA01203_Feval	FRA01203	Féval, Paul Henri Corentin [dit Paul Féval père]	le Loup blanc	1816	1887	viaf:17222447 wikidata:Q472568	Ebooks libres et gratuits	1845	viaf:644145424532886830955 wikidata:Q3224087	fr	80201	NA	heterodiegetic	M	medium	high	T1
FRA01202_Feval	FRA01202	Féval, Paul Henri Corentin [dit Paul Féval père]	Les Errants de nuit	1816	1887	viaf:17222447 wikidata:Q472568	Ebooks libres et gratuits	1857	viaf:unavailable wikidata:missing	fr	103086	NA	heterodiegetic	M	long	low	T1
FRA01201_Feval	FRA01201	Féval, Paul Henri Corentin [dit Paul Féval père]	Le Cavalier Fortune	1816	1887	viaf:17222447 wikidata:Q472568	Ebooks libres et gratuits	1868	viaf:unavailable wikidata:missing	fr	136999	NA	heterodiegetic	M	long	low	T2
FRA01302_Flaubert	FRA01302	Flaubert, Gustave	Madame Bovary	1821	1880	viaf:9846192 wikidata:Q43444	Ebooks libres et gratuits	1857	viaf:186570439 wikidata:Q193417	fr	120122	NA	heterodiegetic	M	long	high	T1
FRA01303_Flaubert	FRA01303	Flaubert, Gustave	Salammbô	1821	1880	viaf:9846192 wikidata:Q43444	Wikisource	1862	viaf:176014945 wikidata:Q117182	fr	105395	NA	heterodiegetic	M	long	high	T2
FRA01301_Flaubert	FRA01301	Flaubert, Gustave	L'Éducation sentimentale	1821	1880	viaf:9846192 wikidata:Q43444	(unspecified)	1869	viaf:180462896 wikidata:missing	fr	149810	NA	heterodiegetic	M	long	high	T2
FRA40039_Flaubert	FRA40039	Flaubert, Gustave	Bouvard et Pécuchet    	NA	NA	viaf:9846192	NA	1881	NA	fra	85799	NA	NA	U	medium	unspecified	T3
FRA01402_Fleuriot	FRA01402	Fleuriot, Zénaïde	En congé	1829	1890	viaf:41872490 wikidata:Q3086433	Bibliothèque électronique du Québec (BEQ)	1874	oclc:561075297 viaf:unavailable wikidata:missing	fr	38021	NA	autodiegetic	F	short	low	T2
FRA01401_Fleuriot	FRA01401	Fleuriot, Zénaïde	Un enfant gâté	1829	1890	viaf:41872490 wikidata:Q3086433	Bibliothèque électronique du Québec (BEQ)	1877	viaf:missing wikidata:missing	fr	35076	NA	heterodiegetic	F	short	low	T2
FRA01403_Fleuriot	FRA01403	Fleuriot, Zénaïde	Alberte	1829	1890	viaf:41872490 wikidata:Q3086433	Bibliothèque électronique du Québec (BEQ)	1881	viaf:unavailable worldcat:944664084	fr	64213	NA	heterodiegetic	F	medium	low	T3
FRA40346_Fleuriot	FRA40346	Fleuriot, Zénaïde		NA	NA	viaf:41872490	NA	1880	NA	fra	48108	NA	NA	U	short	unspecified	T3
FRA40350_Fleuriot	FRA40350	Fleuriot, Zénaïde		NA	NA	viaf:41872490	NA	1881	NA	fra	59461	NA	NA	U	medium	unspecified	T3
FRA40349_Fleuriot	FRA40349	Fleuriot, Zénaïde		NA	NA	viaf:41872490	NA	1882	NA	fra	41970	NA	NA	U	short	unspecified	T3
FRA01501_France	FRA01501	France, Anatole	Les dieux ont soif: édition ELTeC	1844	1924	viaf:4925052 wikidata:Q42443	Fadedpage	1912	viaf:2498149844946602960007 wikidata:missing	fr	71994	NA	heterodiegetic	M	medium	high	T4
FRA40648_France	FRA40648	France, Anatole		NA	NA	viaf:4925052	NA	1881	NA	fra	55600	NA	NA	U	medium	unspecified	T3
FRA40647_France	FRA40647	France, Anatole		NA	NA	viaf:4925052	NA	1890	NA	fra	50876	NA	NA	U	medium	unspecified	T3
FRA40646_France	FRA40646	France, Anatole		NA	NA	viaf:4925052	NA	1897	NA	fra	48927	NA	NA	U	short	unspecified	T3
FRA01902_Gaboriau	FRA01902	Gaboriau, Émile	Monsieur Lecoq	1832	1873	viaf:100177491 wikidata:Q463513	Ebooks libres et gratuits	1869	viaf:265154387507630970001 wikidata:Q6902552	fr	269763	NA	heterodiegetic	M	long	high	T2
FRA41023_Gaboriau	FRA41023	Gaboriau, Émile	La clique dorée (partie 1)    	NA	NA	viaf:100177491	NA	1871	NA	fra	78545	NA	NA	U	medium	unspecified	T2
FRA41024_Gaboriau	FRA41024	Gaboriau, Émile	La clique dorée (partie 2)    	NA	NA	viaf:100177491	NA	1871	NA	fra	86493	NA	NA	U	medium	unspecified	T2
FRA41025_Gaboriau	FRA41025	Gaboriau, Émile	La dégringolade, tome 1    	NA	NA	viaf:100177491	NA	1872	NA	fra	94752	NA	NA	U	medium	unspecified	T2
FRA41026_Gaboriau	FRA41026	Gaboriau, Émile	La dégringolade, tome 2    	NA	NA	viaf:100177491	NA	1872	NA	fra	103994	NA	NA	U	long	unspecified	T2
FRA41027_Gaboriau	FRA41027	Gaboriau, Émile	La dégringolade, tome 3    	NA	NA	viaf:100177491	NA	1872	NA	fra	81786	NA	NA	U	medium	unspecified	T2
FRA01601_GautierJ	FRA01601	Gautier, Judith	La Sœur du Soleil	1845	1917	viaf:54148064 wikidata:Q2523100	Wikisource	1887	viaf:3075147270505335700009 wikidata:Q19189680	fr	107267	NA	heterodiegetic	F	long	high	T3
FRA01602_GautierJ	FRA01602	Gautier, Judith	Fleurs d'Orient	1845	1917	viaf:54148064 wikidata:Q2523100	Wikisource	1893	viaf:missing wikidata:Q19171123	fr	51537	NA	heterodiegetic	F	medium	low	T3
FRA01603_GautierJ	FRA01603	Gautier, Judith	Les Princesses d'Amour : courtisanes japonaises	1845	1917	viaf:54148064 wikidata:Q2523100	Wikisource	1900	viaf:missing wikidata:Q19212715	fr	29460	NA	heterodiegetic	F	short	high	T4
FRA01701_GautierT	FRA01701	Gautier, Théophile	Militona	1800	1872	viaf:96428598 wikidata:Q183713	Wikisource	1847	viaf:1210145857084622921707 wikidata:Q16664539	fr	40222	NA	heterodiegetic	M	short	high	T1
FRA40733_GautierT	FRA40733	Gautier, Théophile	Partie carrée    	NA	NA	viaf:96428598	NA	1848	NA	fra	61777	NA	NA	U	medium	unspecified	T1
FRA40742_GautierT	FRA40742	Gautier, Théophile	Avatar    	NA	NA	viaf:96428598	NA	1856	NA	fra	32933	NA	NA	U	short	unspecified	T1
FRA01702_GautierT	FRA01702	Gautier, Théophile	Le roman de la momie    	1800	1872	viaf:96428598	Wikisource     	1857	NA	fr	59638	NA	heterodiegetic     	M	medium	high	T1
FRA40003_GautierT	FRA40003	Gautier, Théophile	Le roman de la momie    	NA	NA	viaf:96428598	NA	1857	NA	fra	55874	NA	NA	U	medium	unspecified	T1
FRA40364_GautierT	FRA40364	Gautier, Théophile		NA	NA	viaf:96428598	NA	1858	NA	fra	40572	NA	NA	U	short	unspecified	T1
FRA40373_Gouraud	FRA40373	Gouraud, Julie		NA	NA	viaf:31987653	NA	1884	NA	fra	49469	NA	NA	U	short	unspecified	T3
FRA40378_Gouraud	FRA40378	Gouraud, Julie		NA	NA	viaf:31987653	NA	1884	NA	fra	29029	NA	NA	U	short	unspecified	T3
FRA40369_Gouraud	FRA40369	Gouraud, Julie		NA	NA	viaf:31987653	NA	1888	NA	fra	42714	NA	NA	U	short	unspecified	T3
FRA02202_Gouraud	FRA02202	Gouraud, Julie [Louise d'Aulnay]	Le petit colporteur	1810	1891	viaf:31987653 wikidata:Q18115130	Bibliothèque électronique du Québec (BEQ)	1867	viaf:314022921 wikidata:missing	fr	43357	NA	heterodiegetic	M	short	low	T2
FRA02203_Gouraud	FRA02203	Gouraud, Julie [Louise d'Aulnay]	Les Filles du professeur	1810	1891	viaf:31987653 wikidata:Q18115130	Bibliothèque électronique du Québec (BEQ)	1876	viaf:unavailable wikidata:missing	fr	45477	NA	heterodiegetic	M	short	low	T2
FRA02201_Gouraud	FRA02201	Gouraud, Julie [Louise d'Aulnay]	Quand je serai grande	1810	1891	viaf:31987653 wikidata:Q18115130	Bibliothèque électronique du Québec (BEQ)	1888	oclc:559725443 viaf:unavailable wikidata:missing	fr	45701	NA	heterodiegetic	M	short	low	T3
FRA02303_Greville	FRA02303	Gréville, Henry [Alice Marie Céleste Fleury, dite Durand]	Ariadne	1842	1902	viaf:49258322 wikidata:Q2266038	Bibliothèque électronique du Québec (BEQ)	1878	viaf:missing wikidata:missing	fr	52698	NA	heterodiegetic	F	short	low	T2
FRA02302_Greville	FRA02302	Gréville, Henry [Alice Marie Céleste Fleury, dite Durand]	L'amie	1842	1902	viaf:49258322 wikidata:Q2266038	Bibliothèque électronique du Québec (BEQ)	1878	viaf:missing wikidata:missing	fr	56987	NA	heterodiegetic	F	medium	low	T2
FRA02301_Greville	FRA02301	Gréville, Henry [Alice Marie Céleste Fleury, dite Durand]	La seconde mère	1842	1902	viaf:49258322 wikidata:Q2266038	Bibliothèque électronique du Québec (BEQ)	1888	viaf:missing wikidata:missing	fr	60048	NA	heterodiegetic	F	medium	low	T3
FRA02401_LeRouge	FRA02401	Le Rouge, Gustave	L'Esclave amoureuse	1867	1938	viaf:7392910 wikidata:Q2409143	Bibliothèque électronique du Québec (BEQ)	1904	viaf:unavailable wikidata:missing	fr	25038	NA	heterodiegetic	M	short	low	T4
FRA02402_LeRouge	FRA02402	Le Rouge, Gustave	La Conspiration des Milliardaires    	1867	1938	viaf:7392910	NA	1900	viaf:unavailable	fr	76673	NA	NA	M	medium	low	T4
FRA02403_LeRouge	FRA02403	Le Rouge, Gustave	La Guerre des vampires    	1867	1938	viaf:7392910	NA	1909	viaf:8889151656380608400006	fra	73470	NA	NA	M	medium	high	T4
FRA02501_Loti	FRA02501	Loti, Pierre	Mon frère Yves	1850	1923	viaf:89440078 wikidata:Q311854	Bibliothèque électronique du Québec (BEQ)	1883	viaf:294701732 wikidata:missing	fr	73698	NA	homodiegetic	M	medium	high	T3
FRA02502_Loti	FRA02502	Loti, Pierre	Ramuntcho    	1850	1923	viaf:89440078	Ebooks libres et gratuits     	1897	viaf:185706732	fr	57949	NA	heterodiegetic     	M	medium	high	T3
FRA40044_Loti	FRA40044	Loti, Pierre	Figures et choses qui passaient    	NA	NA	viaf:89440078	NA	1898	NA	fra	43154	NA	NA	U	short	unspecified	T3
FRA40045_Loti	FRA40045	Loti, Pierre	Madame Chrysanthème    	NA	NA	viaf:89440078	NA	1887	NA	fra	47590	NA	NA	U	short	unspecified	T3
FRA40050_Loti	FRA40050	Loti, Pierre	Le roman d'un enfant    	NA	NA	viaf:89440078	NA	1890	NA	fra	51159	NA	NA	U	medium	unspecified	T3
FRA40046_Loti	FRA40046	Loti, Pierre	Le mariage de Loti    	NA	NA	viaf:89440078	NA	1882	NA	fra	47819	NA	NA	U	short	unspecified	T3
FRA02601_Malot	FRA02601	Malot, Hector	Romain Kalbris	1830	1907	viaf:49228546 wikidata:Q315003	Bibliothèque électronique du Québec (BEQ)	1869	viaf:312349317 wikidata:Q21426780	fr	70236	NA	autodiegetic	M	medium	high	T2
FRA02602_Malot	FRA02602	Malot, Hector	Sans famille	1830	1907	viaf:49228546 wikidata:Q315003	Bibliothèque électronique du Québec (BEQ)	1878	viaf:186540937 wikidata:Q1570068	fr	123735	NA	autodiegetic	M	long	high	T2
FRA02603_Malot	FRA02603	Malot, Hector	Conscience	1830	1907	viaf:49228546 wikidata:Q315003	Bibliothèque électronique du Québec (BEQ)	1888	viaf:310221173 wikidata:Q21231298	fr	105754	NA	heterodiegetic	M	long	low	T3
FRA40415_Malot	FRA40415	Malot, Hector		NA	NA	viaf:49228546	NA	1888	NA	fra	96683	NA	NA	U	medium	unspecified	T3
FRA40418_Malot	FRA40418	Malot, Hector		NA	NA	viaf:49228546	NA	1891	NA	fra	84089	NA	NA	U	medium	unspecified	T3
FRA40414_Malot	FRA40414	Malot, Hector		NA	NA	viaf:49228546	NA	1893	NA	fra	97825	NA	NA	U	medium	unspecified	T3
FRA02702_Maupassant	FRA02702	Maupassant, Guy de	Une Vie	1850	1893	viaf:29537765 wikidata:Q9327	Ebooks libres et gratuits	1883	viaf:204219240 wikidata:Q51928413	fr	77338	Bildungsroman	heterodiegetic	M	medium	high	T3
FRA02701_Maupassant	FRA02701	Maupassant, Guy de	Bel-Ami	1850	1893	viaf:29537765 wikidata:Q9327	Ebooks libres et gratuits	1885	viaf:174771837 wikidata:Q339761	fr	111187	Bildungsroman	heterodiegetic	M	long	high	T3
FRA40052_Maupassant	FRA40052	Maupassant, Guy de	Bel-Ami    	NA	NA	viaf:29537765	NA	1885	NA	fra	110862	NA	NA	U	long	unspecified	T3
FRA40054_Maupassant	FRA40054	Maupassant, Guy de	Mont-Oriol    	NA	NA	viaf:29537765	NA	1887	NA	fra	82578	NA	NA	U	medium	unspecified	T3
FRA40055_Maupassant	FRA40055	Maupassant, Guy de	Pierre et Jean    	NA	NA	viaf:29537765	NA	1888	NA	fra	49297	NA	NA	U	short	unspecified	T3
FRA02703_Maupassant	FRA02703	Maupassant, Guy de	Fort comme la mort    	1850	1893	viaf:29537765	NA	1889	viaf:191941628	fra	75586	NA	NA	M	medium	high	T3
FRA02802_Mirbeau	FRA02802	Mirbeau, Octave	La Maréchale	1848	1917	viaf:100204602 wikidata:Q23441	Bibliothèque électronique du Québec (BEQ)	1883	viaf:unvailable wikidata:missing	fr	60951	NA	heterodiegetic	M	medium	high	T3
FRA40426_Mirbeau	FRA40426	Mirbeau, Octave		NA	NA	viaf:100204602	NA	1883	NA	fra	56786	NA	NA	U	medium	unspecified	T3
FRA40146_Mirbeau	FRA40146	Mirbeau, Octave	Le Calvaire    	NA	NA	viaf:100204602	NA	1887	NA	fra	76757	NA	NA	U	medium	unspecified	T3
FRA02801_Mirbeau	FRA02801	Mirbeau, Octave	L'abbé Jules    	1848	1917	viaf:100204602	Ebooks libres et gratuits     	1888	viaf:310534644 	fr	78137	NA	homodiegetic     	M	medium	high	T3
FRA40147_Mirbeau	FRA40147	Mirbeau, Octave	Sébastien Roch    	NA	NA	viaf:100204602	NA	1890	NA	fra	92784	NA	NA	U	medium	unspecified	T3
FRA02803_Mirbeau	FRA02803	Mirbeau, Octave	Le Jardin des supplices    	1848	1917	viaf:100204602	NA	1899	viaf:293386073	fra	64881	NA	NA	M	medium	high	T3
FRA03001_Ohnet	FRA03001	Ohnet, Georges	La Grande Marnière	1848	1918	viaf:66497284 wikidata:Q1393388	Project Gutenberg	1885	viaf:missing wikidata:missing	fr	115270	NA	heterodiegetic	M	long	low	T3
FRA03002_Ohnet	FRA03002	Ohnet, Georges	L'Âme de Pierre	1848	1918	viaf:66497284 wikidata:Q1393388	Project Gutenberg	1890	viaf:307993357 wikidata:Q19176918	fr	53382	NA	heterodiegetic	M	medium	low	T3
FRA03003_Ohnet	FRA03003	Ohnet, Georges	Le Marchand de Poison	1848	1918	viaf:66497284 wikidata:Q1393388	Project Gutenberg	1894	viaf:308106335 wikidata:missing	fr	50561	NA	heterodiegetic	M	medium	low	T3
FRA40656_Ohnet	FRA40656	Ohnet, Georges		NA	NA	viaf:66497284	NA	1885	NA	fra	107389	NA	NA	U	long	unspecified	T3
FRA40657_Ohnet	FRA40657	Ohnet, Georges		NA	NA	viaf:66497284	NA	1890	NA	fra	49653	NA	NA	U	short	unspecified	T3
FRA40658_Ohnet	FRA40658	Ohnet, Georges	Les Batailles de la Vie, tome 1: Marchand de Poison    	NA	NA	viaf:66497284	NA	1892	NA	fra	46866	NA	NA	U	short	unspecified	T3
FRA03101_Ponson	FRA03101	Ponson du Terrail, Pierre Alexis	La baronne trépassée	1829	1871	viaf:17228199 wikidata:Q2595750	Computational Literary Genre Stylistics (CLiGS)	1852	viaf:missing wikidata:missing	fr	68667	NA	heterodiegetic	M	medium	high	T1
FRA03102_Ponson	FRA03102	Ponson du Terrail, Pierre Alexis	La résurrection de Rocambole    	1829	1871	viaf:17228199	Ebooks libres et gratuits     	1866	viaf:294264533	fr	173741	NA	heterodiegetic     	M	long	low	T2
FRA03103_Ponson	FRA03103	Ponson du Terrail, Pierre Alexis	La fée d'Auteuil    	1829	1871	viaf:17228199	NA	1868	viaf:missing	fra	64938	NA	NA	M	medium	low	T2
FRA41163_Ponson	FRA41163	Ponson du Terrail, Pierre Alexis	La corde du pendu (Rocambole)    	NA	NA	viaf:17228199	NA	1870	NA	fra	126214	NA	NA	U	long	unspecified	T2
FRA41168_Ponson	FRA41168	Ponson du Terrail, Pierre Alexis	Rocambole en prison    	NA	NA	viaf:17228199	NA	1869	NA	fra	119745	NA	NA	U	long	unspecified	T2
FRA04201_Rolland	FRA04201	Rolland, Romain	L'aube    	1866	1944	viaf:71397100	NA	1904	viaf:312469768	fr	41108	NA	NA	M	short	low	T4
FRA04203_Rolland	FRA04203	Rolland, Romain	La foire sur la place    	1866	1944	viaf:71397100	NA	1908	viaf:312469772	fra	69465	NA	NA	M	medium	low	T4
FRA04202_Rolland	FRA04202	Rolland, Romain	Jean-Christophe	1866	1944	viaf:71397100 wikidata:Q47162	CLiGS	1912	viaf:219192997 wikidata:Q2476841	fr	587440	NA	heterodiegetic	M	long	high	T4
FRA40455_Sand	FRA40455	Sand, George		NA	NA	viaf:46766944	NA	1871	NA	fra	38791	NA	NA	U	short	unspecified	T2
FRA40445_Sand	FRA40445	Sand, George		NA	NA	viaf:46766944	NA	1872	NA	fra	94058	NA	NA	U	medium	unspecified	T2
FRA40447_Sand	FRA40447	Sand, George		NA	NA	viaf:46766944	NA	1875	NA	fra	22729	NA	NA	U	short	unspecified	T2
FRA03704_Sand	FRA03704	Sand, George [Amantine Lucile Aurore Dupin]	Horace	1804	1876	viaf:46766944 wikidata:Q3816	Computational Literary Genre Stylistics (CLiGS)	1840	viaf:309259313 wikidata:Q40125295	fr	133214	NA	homodiegetic	F	long	high	T1
FRA03702_Sand	FRA03702	Sand, George [Amantine Lucile Aurore Dupin]	Le dernier amour	1804	1876	viaf:46766944 wikidata:Q3816	Bibliothèque électronique du Québec (BEQ)	1867	viaf:1327145424598486831029 wikidata:Q19194266	fr	88169	NA	autodiegetic	F	medium	high	T2
FRA03701_Sand	FRA03701	Sand, George [Amantine Lucile Aurore Dupin]	Nanon	1804	1876	viaf:46766944 wikidata:Q3816	Bibliothèque électronique du Québec (BEQ)	1872	viaf:204615801 wikidata:missing	fr	101919	NA	autodiegetic	F	long	high	T2
FRA03903_Stolz	FRA03903	Stolz, Madame de [Fanny de Bégon]	Le Secret de Laurent	1820	1898	viaf:19850120 wikidata:Q3275360	Bibliothèque électronique du Québec (BEQ)	1878	viaf:unavailable wikidata:missing	fr	49150	NA	heterodiegetic	F	short	low	T2
FRA03901_Stolz	FRA03901	Stolz, Madame de [Fanny de Bégon]	La Maison roulante    	1820	1898	viaf:19850120 wikidata:Q3275360	Bibliothèque électronique du Québec (BEQ)     	1869	viaf:309282062	fr	52092	NA	heterodiegetic     	F	medium	low	T2
FRA40476_Stolz	FRA40476	Stolz, Madame de [Fanny de Bégon]	La Maison roulante    	1820	1898	viaf:79158042	NA	1869	NA	fra	48410	NA	NA	U	short	unspecified	T2
FRA03902_Stolz	FRA03902	Stolz, Madame de [Fanny de Bégon]	La Maison blanche    	1820	1898	viaf:19850120 wikidata:Q3275360	NA	1884	viaf:unavailable	fr	52128	NA	NA	F	medium	low	T3
FRA04001_Verne	FRA04001	Verne, Jules	Un capitaine de quinze ans	1828	1905	viaf:76323989 wikidata:Q33977	Bibliothèque électronique du Québec (BEQ)	1878	viaf:183081330 wikidata:Q59784918	fr	125179	adventure	heterodiegetic	M	long	high	T2
FRA04002_Verne	FRA04002	Verne, Jules	Le Secret de Wilhelm Storitz	1828	1905	viaf:76323989 wikidata:Q33977	Bibliothèque électronique du Québec (BEQ)	1898	viaf:183647198 wikidata:Q78655137	fr	55614	NA	autodiegetic	M	medium	high	T3
FRA40091_Verne	FRA40091	Verne, Jules	Le château des Carpathes    	NA	NA	viaf:76323989	NA	1892	NA	fra	52589	NA	NA	U	medium	unspecified	T3
FRA40015_Verne	FRA40015	Verne, Jules	Le sphinx des glaces    	NA	NA	viaf:76323989	NA	1897	NA	fra	119998	NA	NA	U	long	unspecified	T3
FRA40175_Verne	FRA40175	Verne, Jules	Le Secret de Wilhelm Storitz    	NA	NA	viaf:76323989	NA	1898	NA	fra	53008	NA	NA	U	medium	unspecified	T3
FRA40176_Verne	FRA40176	Verne, Jules	Le Testament d'un excentrique    	NA	NA	viaf:76323989	NA	1899	NA	fra	132703	NA	NA	U	long	unspecified	T3
